-- MySQL dump 10.13  Distrib 5.5.34, for debian-linux-gnu (x86_64)
--
-- Host: localhost    Database: biobanca
-- ------------------------------------------------------
-- Server version	5.5.34-0ubuntu0.12.04.1

/*!40101 SET @OLD_CHARACTER_SET_CLIENT=@@CHARACTER_SET_CLIENT */;
/*!40101 SET @OLD_CHARACTER_SET_RESULTS=@@CHARACTER_SET_RESULTS */;
/*!40101 SET @OLD_COLLATION_CONNECTION=@@COLLATION_CONNECTION */;
/*!40101 SET NAMES utf8 */;
/*!40103 SET @OLD_TIME_ZONE=@@TIME_ZONE */;
/*!40103 SET TIME_ZONE='+00:00' */;
/*!40014 SET @OLD_UNIQUE_CHECKS=@@UNIQUE_CHECKS, UNIQUE_CHECKS=0 */;
/*!40014 SET @OLD_FOREIGN_KEY_CHECKS=@@FOREIGN_KEY_CHECKS, FOREIGN_KEY_CHECKS=0 */;
/*!40101 SET @OLD_SQL_MODE=@@SQL_MODE, SQL_MODE='NO_AUTO_VALUE_ON_ZERO' */;
/*!40111 SET @OLD_SQL_NOTES=@@SQL_NOTES, SQL_NOTES=0 */;

use biobanca;

--
-- Table structure for table `aliquot`
--

DROP TABLE IF EXISTS `aliquot`;
/*!40101 SET @saved_cs_client     = @@character_set_client */;
/*!40101 SET character_set_client = utf8 */;
CREATE TABLE `aliquot` (
  `id` int(11) NOT NULL AUTO_INCREMENT,
  `barcodeID` varchar(60) DEFAULT NULL,
  `uniqueGenealogyID` varchar(30) NOT NULL,
  `idSamplingEvent` int(11) NOT NULL,
  `idAliquotType` int(11) NOT NULL,
  `availability` tinyint(1) NOT NULL,
  `timesUsed` int(11) NOT NULL,
  `derived` tinyint(1) NOT NULL,
  `archiveDate` date DEFAULT NULL,
  PRIMARY KEY (`id`),
  UNIQUE KEY `uniqueGenealogyID_UNIQUE` (`uniqueGenealogyID`),
  KEY `fk_Aliquots_AliquotType1` (`idAliquotType`),
  KEY `fk_Aliquots_SamplingEvents1` (`idSamplingEvent`),
  CONSTRAINT `fk_Aliquots_AliquotType1` FOREIGN KEY (`idAliquotType`) REFERENCES `aliquottype` (`id`) ON DELETE NO ACTION ON UPDATE NO ACTION,
  CONSTRAINT `fk_Aliquots_SamplingEvents1` FOREIGN KEY (`idSamplingEvent`) REFERENCES `samplingevent` (`id`) ON DELETE NO ACTION ON UPDATE NO ACTION
) ENGINE=InnoDB AUTO_INCREMENT=305 DEFAULT CHARSET=latin1;
/*!40101 SET character_set_client = @saved_cs_client */;

--
-- Dumping data for table `aliquot`
--

LOCK TABLES `aliquot` WRITE;
/*!40000 ALTER TABLE `aliquot` DISABLE KEYS */;
INSERT INTO `aliquot` VALUES (1,'50','MEL0001LMH0000000000VT0100',1,1,1,0,0,NULL),(2,'fsrew','BRC0001BLH0000000000PL0100',2,11,1,0,0,NULL),(3,'cvbgbtr','BRC0001BLH0000000000PL0200',2,11,1,1,0,NULL),(4,'ssdscdefe','BRC0001BLH0000000000D01000',3,7,1,0,1,NULL),(5,'tryyt','BRC0002URH0000000000FR0100',4,13,1,0,0,NULL),(6,'ghffyy','BRC0002URH0000000000FR0200',4,13,1,0,0,NULL),(7,'nyyy','BRC0002BLH0000000000PL0200',5,11,1,0,0,NULL),(8,'fdgt','BRC0002BLH0000000000PL0100',5,11,1,0,0,NULL),(11,'vt1A1','CRC0001PRH0000000000VT0100',7,1,1,0,0,NULL),(12,'vt1A2','CRC0001PRH0000000000VT0200',7,1,1,0,0,NULL),(13,'vt1A3','CRC0001LMH0000000000VT0100',8,1,1,0,0,NULL),(14,'ffpe2','CRC0001LMH0000000000FF0100',8,4,1,0,0,NULL),(15,'ffpe1','CRC0001PRH0000000000FF0100',7,4,1,0,0,NULL),(16,'NUEN620738','CRC0001PRH0000000000RL0100',7,3,1,1,0,NULL),(17,'NUEN620747','CRC0001LMH0000000000RL0100',8,3,1,1,0,NULL),(18,'NUEL561538','CRC0001PRH0000000000SF0100',7,2,1,0,0,NULL),(19,'NUEL561547','CRC0001LMH0000000000SF0100',8,2,1,0,0,NULL),(20,'NUEL556730','CRC0001LMH0000000000D01000',9,7,1,0,1,NULL),(21,'NUEL556749','CRC0001LMH0000000000D02000',9,7,1,0,1,NULL),(22,'NUEL556758','CRC0001LMH0000000000D03000',9,7,1,0,1,NULL),(23,'NUEL556767','CRC0001LMH0000000000D04000',9,7,1,0,1,NULL),(24,'NUEL556776','CRC0001LMH0000000000D05000',9,7,1,0,1,NULL),(25,'NUEL554811','CRC0001PRH0000000000R01000',10,8,1,2,1,NULL),(26,'NUEL554820','CRC0001PRH0000000000R02000',10,8,1,0,1,NULL),(27,'NUEL554839','CRC0001PRH0000000000R03000',10,8,1,0,1,NULL),(28,'NUEL554848','CRC0001PRH0000000000R04000',10,8,1,0,1,NULL),(29,'NUEL554857','CRC0001PRH0000000000R05000',10,8,1,0,1,NULL),(30,'NUEL543295','CRC0001PRH0000000000R01D01',11,9,1,0,1,NULL),(31,'NUEL543301','CRC0001PRH0000000000R01D02',11,9,1,0,1,NULL),(32,'NUEL543310','CRC0001PRH0000000000R01D03',11,9,1,0,1,NULL),(33,'NUEL543329','CRC0001PRH0000000000R01D04',11,9,1,0,1,NULL),(34,'NUEL543338','CRC0001PRH0000000000R01D05',11,9,1,0,1,NULL),(35,'NUEL581693','CRC0001PRH0000000000R01R01',12,10,1,0,1,NULL),(36,'NUEL581709','CRC0001PRH0000000000R01R02',12,10,1,0,1,NULL),(37,'NUEL581718','CRC0001PRH0000000000R01R03',12,10,1,0,1,NULL),(38,'NUEL581727','CRC0001PRH0000000000R01R04',12,10,1,0,1,NULL),(39,'NUEL581736','CRC0001PRH0000000000R01R05',12,10,1,0,1,NULL),(40,'3232397y','GTR0001PRH0000000000VT0100',13,1,1,0,0,NULL),(42,'vt1A4','MEL0002LMH0000000000VT0100',14,1,1,0,0,NULL),(43,'NUEL540410','MEL0002LMH0000000000VT0200',14,1,1,0,0,NULL),(44,'NUEL540429','MEL0002LMH0000000000VT0300',14,1,1,0,0,NULL),(45,'NUEL561556','MEL0002LMH0000000000SF0100',14,2,1,0,0,NULL),(46,'NUEL561565','MEL0002LMH0000000000SF0200',14,2,1,0,0,NULL),(47,'of1','MEL0001LMX0B02014TUMOF0100',15,5,1,0,0,NULL),(48,'vt2A1','MEL0001LMX0B01001TUMVT0100',15,1,1,0,0,NULL),(49,'vt2A2','MEL0001LMX0B01002TUMVT0100',15,1,1,0,0,NULL),(50,'vt2A3', 'MEL0001LMX0B01003TUMVT0100',15,1,1,0,0,NULL),(51,'vt2A4', 'MEL0001LMX0B01005TUMVT0100' ,15,1,1,0,0,NULL),(52,'vt2A5', 'MEL0001LMX0B01007TUMVT0100' ,15,1,1,0,0,NULL),(53,'vt2A6', 'MEL0001LMX0B01008TUMVT0100' ,15,1,1,0,0,NULL),(54,'vt2A7', 'MEL0001LMX0B01009TUMVT0100' ,15,1,1,0,0,NULL),(55,'vt2A8', 'MEL0001LMX0B01010TUMVT0100' ,15,1,1,0,0,NULL),(56,'vt2A9', 'MEL0001LMX0B01011TUMVT0100' ,15,1,1,0,0,NULL),(57,'vt2A10', 'MEL0001LMX0B01012TUMVT0100' ,15,1,1,0,0,NULL),(58,'vt2B1', 'MEL0001LMX0B02001TUMVT0100' ,15,1,1,0,0,NULL),(59,'vt2B2', 'MEL0001LMX0B02001TUMVT0200' ,15,1,1,0,0,NULL),(60,'vt2B3', 'MEL0001LMX0B02001TUMVT0300' ,15,1,1,0,0,NULL),(61,'vt2B4', 'MEL0001LMX0B02006TUMVT0100' ,15,1,1,0,0,NULL),(62,'vt2B5', 'MEL0001LMX0B02006TUMVT0200' ,15,1,1,0,0,NULL),(63,'vt2B6', 'MEL0001LMX0B02007TUMVT0100' ,15,1,1,0,0,NULL),(64,'vt2B7', 'MEL0001LMX0B02007TUMVT0200' ,15,1,1,0,0,NULL),(65,'vt2B8', 'MEL0001LMX0B02007TUMVT0300' ,15,1,1,0,0,NULL),(66,'vt2B9', 'MEL0001LMX0B02012TUMVT0100' ,15,1,1,0,0,NULL),(67,'vt2B10', 'MEL0001LMX0B02012TUMVT0200' ,15,1,1,0,0,NULL),(68,'vt2C1', 'MEL0001LMX0B02012TUMVT0300' ,15,1,1,0,0,NULL),(69,'vt2C2', 'MEL0001LMX0B02014TUMVT0100' ,15,1,1,0,0,NULL),(70,'vt2C3', 'MEL0001LMX0B02014TUMVT0200' ,15,1,1,0,0,NULL),(71,'vt2C4', 'MEL0001LMX0B02014TUMVT0300' ,15,1,1,0,0,NULL),(72,'vt2C5', 'MEL0001LMX0B02019TUMVT0100' ,15,1,1,0,0,NULL),(73,'vt2C6', 'MEL0001LMX0B02019TUMVT0200' ,15,1,1,0,0,NULL),(74,'vt2C7', 'MEL0001LMX0B02019TUMVT0300' ,15,1,1,0,0,NULL),(75,'vt2C8', 'MEL0001LMX0B02019TUMVT0400' ,15,1,1,0,0,NULL),(76,'vt2C9', 'MEL0001LMX0B02020TUMVT0100' ,15,1,1,0,0,NULL),(77,'vt2C10', 'MEL0001LMX0B02020TUMVT0200' ,15,1,1,0,0,NULL),(78,'vt2D1', 'MEL0001LMX0B02020TUMVT0300' ,15,1,1,0,0,NULL),(79,'vt2D2', 'MEL0001LMX0B02021TUMVT0100' ,15,1,1,0,0,NULL),(80,'vt2D3', 'MEL0001LMX0B02022TUMVT0200' ,15,1,1,0,0,NULL),(81,'vt2D4', 'MEL0001LMX0B02022TUMVT0300' ,15,1,1,0,0,NULL),(82,'vt2D5', 'MEL0001LMX0B02024TUMVT0100' ,15,1,1,0,0,NULL),(83,'vt2D6', 'MEL0001LMX0B02024TUMVT0200' ,15,1,1,0,0,NULL),(84,'vt2D7', 'MEL0001LMX0B02024TUMVT0300' ,15,1,1,0,0,NULL),(85,'vt2D8', 'MEL0001LMX0B02029TUMVT0100' ,15,1,1,0,0,NULL),(86,'vt2D9', 'MEL0001LMX0B02029TUMVT0200' ,15,1,1,0,0,NULL),(87,'vt2D10', 'MEL0001LMX0B02029TUMVT0300' ,15,1,1,0,0,NULL),(88,'vt2E1', 'MEL0001LMX0B02022TUMVT0100' ,15,1,1,0,0,NULL),(90,'ff13', 'MEL0001LMX0B02001TUMFF0100' ,15,4,1,0,0,NULL),(91,'ff12', 'MEL0001LMX0B02002TUMFF0100' ,15,4,1,0,0,NULL),(92,'ff11', 'MEL0001LMX0B02003TUMFF0100' ,15,4,1,0,0,NULL),(93,'ff10', 'MEL0001LMX0B02004TUMFF0100' ,15,4,1,0,0,NULL),(94,'ff17', 'MEL0001LMX0B02005TUMFF0100' ,15,4,1,0,0,NULL),(95,'ff16', 'MEL0001LMX0B02006TUMFF0100' ,15,4,1,0,0,NULL),(96,'ff15', 'MEL0001LMX0B02007TUMFF0100' ,15,4,1,0,0,NULL),(97,'ff14', 'MEL0001LMX0B02011TUMFF0100' ,15,4,1,0,0,NULL),(98,'ff19', 'MEL0001LMX0B02012TUMFF0100' ,15,4,1,0,0,NULL),(99,'ff18', 'MEL0001LMX0B02013TUMFF0100' ,15,4,1,0,0,NULL),(100,'ff9', 'MEL0001LMX0B02014TUMFF0100' ,15,4,1,0,0,NULL),(101,'ff8', 'MEL0001LMX0B02015TUMFF0100' ,15,4,1,0,0,NULL),(102,'ff7', 'MEL0001LMX0B02018TUMFF0100' ,15,4,1,0,0,NULL),(103,'ff6', 'MEL0001LMX0B02019TUMFF0100' ,15,4,1,0,0,NULL),(104,'ff5', 'MEL0001LMX0B02020TUMFF0100' ,15,4,1,0,0,NULL),(105,'ff4', 'MEL0001LMX0B02021TUMFF0100' ,15,4,1,0,0,NULL),(106,'ff3', 'MEL0001LMX0B02022TUMFF0100' ,15,4,1,0,0,NULL),(107,'ff2', 'MEL0001LMX0B02023TUMFF0100' ,15,4,1,0,0,NULL),(108,'ff1', 'MEL0001LMX0B02024TUMFF0100' ,15,4,1,0,0,NULL),(109,'ff22', 'MEL0001LMX0B02027TUMFF0100' ,15,4,1,0,0,NULL),(110,'ff23', 'MEL0001LMX0B02029TUMFF0100' ,15,4,1,0,0,NULL),(111,'ff20', 'MEL0001LMX0B02033TUMFF0100' ,15,4,1,0,0,NULL),(112,'ff21', 'MEL0001LMX0B02038TUMFF0100' ,15,4,1,0,0,NULL),(113,'NUEN624576', 'MEL0001LMX0B02001TUMRL0100' ,15,3,1,0,0,NULL),(114,'NUEN624585', 'MEL0001LMX0B02001TUMRL0200' ,15,3,1,0,0,NULL),(115,'NUEN624594', 'MEL0001LMX0B02001TUMRL0300' ,15,3,1,0,0,NULL),(116,'NUEN624600', 'MEL0001LMX0B02001TUMRL0400' ,15,3,1,0,0,NULL),(117,'NUEN624619', 'MEL0001LMX0B02002TUMRL0100' ,15,3,1,0,0,NULL),(118,'NUEN624628', 'MEL0001LMX0B02002TUMRL0200' ,15,3,1,0,0,NULL),(119,'NUEN624637', 'MEL0001LMX0B02002TUMRL0300' ,15,3,1,0,0,NULL),(120,'NUEN624646', 'MEL0001LMX0B02002TUMRL0400' ,15,3,1,0,0,NULL),(121,'NUEN624655', 'MEL0001LMX0B02003TUMRL0100' ,15,3,1,0,0,NULL),(122,'NUEN624664', 'MEL0001LMX0B02003TUMRL0200' ,15,3,1,0,0,NULL),(123,'NUEN624673', 'MEL0001LMX0B02003TUMRL0300' ,15,3,1,0,0,NULL),(124,'NUEN624682', 'MEL0001LMX0B02003TUMRL0400' ,15,3,1,0,0,NULL),(125,'NUEN624691', 'MEL0001LMX0B02004TUMRL0100' ,15,3,1,0,0,NULL),(126,'NUEN624707', 'MEL0001LMX0B02004TUMRL0200' ,15,3,1,0,0,NULL),(127,'NUEN624716', 'MEL0001LMX0B02004TUMRL0300' ,15,3,1,0,0,NULL),(128,'NUEN624725', 'MEL0001LMX0B02004TUMRL0400' ,15,3,1,0,0,NULL),(129,'NUEN624734', 'MEL0001LMX0B02005TUMRL0100' ,15,3,1,0,0,NULL),(130,'NUEN624743', 'MEL0001LMX0B02005TUMRL0200' ,15,3,1,0,0,NULL),(131,'NUEN624752', 'MEL0001LMX0B02005TUMRL0300' ,15,3,1,0,0,NULL),(132,'NUEN624761', 'MEL0001LMX0B02005TUMRL0400' ,15,3,1,0,0,NULL),(133,'NUEN624770', 'MEL0001LMX0B02006TUMRL0100' ,15,3,1,0,0,NULL),(134,'NUEN624789', 'MEL0001LMX0B02006TUMRL0200' ,15,3,1,0,0,NULL),(135,'NUEN624798', 'MEL0001LMX0B02006TUMRL0300' ,15,3,1,0,0,NULL),(136,'NUEN624804', 'MEL0001LMX0B02006TUMRL0400' ,15,3,1,0,0,NULL),(137,'NUEN624813', 'MEL0001LMX0B02007TUMRL0100' ,15,3,1,0,0,NULL),(138,'NUEN624822', 'MEL0001LMX0B02007TUMRL0200' ,15,3,1,0,0,NULL),(139,'NUEN624831', 'MEL0001LMX0B02007TUMRL0300' ,15,3,1,0,0,NULL),(140,'NUEN624840', 'MEL0001LMX0B02008TUMRL0100' ,15,3,1,0,0,NULL),(141,'NUEN624859', 'MEL0001LMX0B02011TUMRL0100' ,15,3,1,0,0,NULL),(142,'NUEN624868', 'MEL0001LMX0B02011TUMRL0200' ,15,3,1,0,0,NULL),(143,'NUEN624877', 'MEL0001LMX0B02011TUMRL0300' ,15,3,1,0,0,NULL),(144,'NUEN624886', 'MEL0001LMX0B02011TUMRL0400' ,15,3,1,0,0,NULL),(145,'NUEN624895', 'MEL0001LMX0B02012TUMRL0100' ,15,3,1,0,0,NULL),(146,'NUEN624901', 'MEL0001LMX0B02012TUMRL0200' ,15,3,1,0,0,NULL),(147,'NUEN624910', 'MEL0001LMX0B02012TUMRL0300' ,15,3,1,0,0,NULL),(148,'NUEN624929', 'MEL0001LMX0B02012TUMRL0400' ,15,3,1,0,0,NULL),(149,'NUEN624938', 'MEL0001LMX0B02014TUMRL0100' ,15,3,1,0,0,NULL),(150,'NUEN624947', 'MEL0001LMX0B02014TUMRL0200' ,15,3,1,0,0,NULL),(151,'NUEN624956', 'MEL0001LMX0B02014TUMRL0300' ,15,3,1,0,0,NULL),(152,'NUEN624965', 'MEL0001LMX0B02014TUMRL0400' ,15,3,1,0,0,NULL),(153,'NUEN624974', 'MEL0001LMX0B02017TUMRL0100' ,15,3,1,0,0,NULL),(154,'NUEN624983', 'MEL0001LMX0B02018TUMRL0100' ,15,3,1,0,0,NULL),(155,'NUEN624992', 'MEL0001LMX0B02018TUMRL0200' ,15,3,1,0,0,NULL),(156,'NUEN625007', 'MEL0001LMX0B02018TUMRL0300' ,15,3,1,0,0,NULL),(157,'NUEN625016', 'MEL0001LMX0B02018TUMRL0400' ,15,3,1,0,0,NULL),(158,'NUEN625025', 'MEL0001LMX0B02019TUMRL0100' ,15,3,1,0,0,NULL),(159,'NUEN625034', 'MEL0001LMX0B02019TUMRL0200' ,15,3,1,0,0,NULL),(160,'NUEN625043', 'MEL0001LMX0B02019TUMRL0300' ,15,3,1,0,0,NULL),(161,'NUEN625052', 'MEL0001LMX0B02019TUMRL0400' ,15,3,1,0,0,NULL),(162,'NUEN625061', 'MEL0001LMX0B02020TUMRL0100' ,15,3,1,0,0,NULL),(163,'NUEN625070', 'MEL0001LMX0B02020TUMRL0200' ,15,3,1,0,0,NULL),(164,'NUEN625089', 'MEL0001LMX0B02020TUMRL0300' ,15,3,1,0,0,NULL),(165,'NUEN625098', 'MEL0001LMX0B02020TUMRL0400' ,15,3,1,0,0,NULL),(166,'NUEN625104', 'MEL0001LMX0B02021TUMRL0100' ,15,3,1,0,0,NULL),(167,'NUEN625113', 'MEL0001LMX0B02021TUMRL0200' ,15,3,1,0,0,NULL),(168,'NUEN625122', 'MEL0001LMX0B02022TUMRL0100' ,15,3,1,0,0,NULL),(169,'NUEN625131', 'MEL0001LMX0B02022TUMRL0200' ,15,3,1,0,0,NULL),(170,'NUEN625140', 'MEL0001LMX0B02022TUMRL0300' ,15,3,1,0,0,NULL),(171,'NUEN625159', 'MEL0001LMX0B02022TUMRL0400' ,15,3,1,0,0,NULL),(172,'NUEN625168', 'MEL0001LMX0B02023TUMRL0100' ,15,3,1,0,0,NULL),(173,'NUEN625177', 'MEL0001LMX0B02023TUMRL0200' ,15,3,1,0,0,NULL),(174,'NUEN625186', 'MEL0001LMX0B02023TUMRL0300' ,15,3,1,0,0,NULL),(175,'NUEN625195', 'MEL0001LMX0B02023TUMRL0400' ,15,3,1,0,0,NULL),(176,'NUEN625201', 'MEL0001LMX0B02024TUMRL0100' ,15,3,1,0,0,NULL),(177,'NUEN625210', 'MEL0001LMX0B02024TUMRL0200' ,15,3,1,0,0,NULL),(178,'NUEN625229', 'MEL0001LMX0B02024TUMRL0300' ,15,3,1,0,0,NULL),(179,'NUEN625238', 'MEL0001LMX0B02024TUMRL0400' ,15,3,1,0,0,NULL),(180,'NUEN625247', 'MEL0001LMX0B02027TUMRL0100' ,15,3,1,0,0,NULL),(181,'NUEN625256', 'MEL0001LMX0B02027TUMRL0200' ,15,3,1,0,0,NULL),(182,'NUEN625265', 'MEL0001LMX0B02027TUMRL0300' ,15,3,1,0,0,NULL),(183,'NUEN625274', 'MEL0001LMX0B02027TUMRL0400' ,15,3,1,0,0,NULL),(184,'NUEN625283', 'MEL0001LMX0B02029TUMRL0100' ,15,3,1,0,0,NULL),(185,'NUEN625292', 'MEL0001LMX0B02029TUMRL0200' ,15,3,1,0,0,NULL),(186,'NUEN625308', 'MEL0001LMX0B02029TUMRL0300' ,15,3,1,0,0,NULL),(187,'NUEN625317', 'MEL0001LMX0B02029TUMRL0400' ,15,3,1,0,0,NULL),(188,'NUEN625326', 'MEL0001LMX0B02033TUMRL0100' ,15,3,1,0,0,NULL),(189,'NUEN625335', 'MEL0001LMX0B02033TUMRL0200' ,15,3,1,0,0,NULL),(190,'NUEN625344', 'MEL0001LMX0B02033TUMRL0300' ,15,3,1,0,0,NULL),(191,'NUEN625353', 'MEL0001LMX0B02033TUMRL0400' ,15,3,1,0,0,NULL),(192,'NUEN625362', 'MEL0001LMX0B02038TUMRL0100' ,15,3,1,0,0,NULL),(193,'NUEN639930', 'MEL0001LMX0B02001TUMSF0100' ,15,2,1,0,0,NULL),(194,'NUEN639949', 'MEL0001LMX0B02001TUMSF0200' ,15,2,1,0,0,NULL),(195,'NUEN639958', 'MEL0001LMX0B02001TUMSF0300' ,15,2,1,0,0,NULL),(196,'NUEN639967', 'MEL0001LMX0B02001TUMSF0400' ,15,2,1,0,0,NULL),(197,'NUEN639976', 'MEL0001LMX0B02002TUMSF0100' ,15,2,1,0,0,NULL),(198,'NUEN639985', 'MEL0001LMX0B02002TUMSF0200' ,15,2,1,0,0,NULL),(199,'NUEN639994', 'MEL0001LMX0B02002TUMSF0300' ,15,2,1,0,0,NULL),(200,'NUEN640006', 'MEL0001LMX0B02002TUMSF0400' ,15,2,1,0,0,NULL),(201,'NUEN640015', 'MEL0001LMX0B02003TUMSF0100' ,15,2,1,0,0,NULL),(202,'NUEN640024', 'MEL0001LMX0B02003TUMSF0200' ,15,2,1,0,0,NULL),(203,'NUEN640033', 'MEL0001LMX0B02003TUMSF0300' ,15,2,1,0,0,NULL),(204,'NUEN640042', 'MEL0001LMX0B02003TUMSF0400' ,15,2,1,0,0,NULL),(205,'NUEN640051', 'MEL0001LMX0B02004TUMSF0100' ,15,2,1,0,0,NULL),(206,'NUEN640060', 'MEL0001LMX0B02004TUMSF0200' ,15,2,1,0,0,NULL),(207,'NUEN640079', 'MEL0001LMX0B02004TUMSF0300' ,15,2,1,0,0,NULL),(208,'NUEN640088', 'MEL0001LMX0B02004TUMSF0400' ,15,2,1,0,0,NULL),(209,'NUEN640097', 'MEL0001LMX0B02005TUMSF0100' ,15,2,1,0,0,NULL),(210,'NUEN640103', 'MEL0001LMX0B02005TUMSF0200' ,15,2,1,0,0,NULL),(211,'NUEN640112', 'MEL0001LMX0B02005TUMSF0300' ,15,2,1,0,0,NULL),(212,'NUEN640121', 'MEL0001LMX0B02005TUMSF0400' ,15,2,1,0,0,NULL),(213,'NUEN640130', 'MEL0001LMX0B02006TUMSF0100' ,15,2,1,0,0,NULL),(214,'NUEN640149', 'MEL0001LMX0B02006TUMSF0200' ,15,2,1,0,0,NULL),(215,'NUEN640158', 'MEL0001LMX0B02006TUMSF0300' ,15,2,1,0,0,NULL),(216,'NUEN640167', 'MEL0001LMX0B02006TUMSF0400' ,15,2,1,0,0,NULL),(217,'NUEN640176', 'MEL0001LMX0B02007TUMSF0100' ,15,2,1,0,0,NULL),(218,'NUEN640185', 'MEL0001LMX0B02007TUMSF0200' ,15,2,1,0,0,NULL),(219,'NUEN640194', 'MEL0001LMX0B02007TUMSF0300' ,15,2,1,0,0,NULL),(220,'NUEN640200', 'MEL0001LMX0B02008TUMSF0100' ,15,2,1,0,0,NULL),(221,'NUEN640219', 'MEL0001LMX0B02011TUMSF0100' ,15,2,1,0,0,NULL),(222,'NUEN640228', 'MEL0001LMX0B02011TUMSF0200' ,15,2,1,0,0,NULL),(223,'NUEN640237', 'MEL0001LMX0B02011TUMSF0300' ,15,2,1,0,0,NULL),(224,'NUEN640246', 'MEL0001LMX0B02011TUMSF0400' ,15,2,1,0,0,NULL),(225,'NUEN640255', 'MEL0001LMX0B02012TUMSF0100' ,15,2,1,0,0,NULL),(226,'NUEN640264', 'MEL0001LMX0B02012TUMSF0200' ,15,2,1,0,0,NULL),(227,'NUEN640273', 'MEL0001LMX0B02012TUMSF0300' ,15,2,1,0,0,NULL),(228,'NUEN640282', 'MEL0001LMX0B02012TUMSF0400' ,15,2,1,0,0,NULL),(229,'NUEN640291', 'MEL0001LMX0B02014TUMSF0100' ,15,2,1,0,0,NULL),(230,'NUEN640307', 'MEL0001LMX0B02014TUMSF0200' ,15,2,1,0,0,NULL),(231,'NUEN640316', 'MEL0001LMX0B02014TUMSF0300' ,15,2,1,0,0,NULL),(232,'NUEN640325', 'MEL0001LMX0B02014TUMSF0400' ,15,2,1,0,0,NULL),(233,'NUEN640334', 'MEL0001LMX0B02017TUMSF0100' ,15,2,1,0,0,NULL),(234,'NUEN640343', 'MEL0001LMX0B02018TUMSF0100' ,15,2,1,0,0,NULL),(235,'NUEN640352', 'MEL0001LMX0B02018TUMSF0200' ,15,2,1,0,0,NULL),(236,'NUEN640361', 'MEL0001LMX0B02018TUMSF0300' ,15,2,1,0,0,NULL),(237,'NUEN640370', 'MEL0001LMX0B02018TUMSF0400' ,15,2,1,0,0,NULL),(238,'NUEN640389', 'MEL0001LMX0B02019TUMSF0100' ,15,2,1,0,0,NULL),(239,'NUEN640398', 'MEL0001LMX0B02019TUMSF0200' ,15,2,1,0,0,NULL),(240,'NUEN640404', 'MEL0001LMX0B02019TUMSF0300' ,15,2,1,0,0,NULL),(241,'NUEN640413', 'MEL0001LMX0B02019TUMSF0400' ,15,2,1,0,0,NULL),(242,'NUEN640422', 'MEL0001LMX0B02020TUMSF0100' ,15,2,1,0,0,NULL),(243,'NUEN640431', 'MEL0001LMX0B02020TUMSF0200' ,15,2,1,0,0,NULL),(244,'NUEN640440', 'MEL0001LMX0B02020TUMSF0300' ,15,2,1,0,0,NULL),(245,'NUEN640459', 'MEL0001LMX0B02020TUMSF0400' ,15,2,1,0,0,NULL),(246,'NUEN640468', 'MEL0001LMX0B02021TUMSF0100' ,15,2,1,0,0,NULL),(247,'NUEN640477', 'MEL0001LMX0B02021TUMSF0200' ,15,2,1,0,0,NULL),(248,'NUEN640486', 'MEL0001LMX0B02022TUMSF0100' ,15,2,1,0,0,NULL),(249,'NUEN640495', 'MEL0001LMX0B02022TUMSF0200' ,15,2,1,0,0,NULL),(250,'NUEN640501', 'MEL0001LMX0B02022TUMSF0300' ,15,2,1,0,0,NULL),(251,'NUEN640510', 'MEL0001LMX0B02022TUMSF0400' ,15,2,1,0,0,NULL),(252,'NUEN640529', 'MEL0001LMX0B02023TUMSF0100' ,15,2,1,0,0,NULL),(253,'NUEN640538', 'MEL0001LMX0B02023TUMSF0200' ,15,2,1,0,0,NULL),(254,'NUEN640547', 'MEL0001LMX0B02023TUMSF0300' ,15,2,1,0,0,NULL),(255,'NUEN640556', 'MEL0001LMX0B02023TUMSF0400' ,15,2,1,0,0,NULL),(256,'NUEN640565', 'MEL0001LMX0B02024TUMSF0100' ,15,2,1,0,0,NULL),(257,'NUEN640574', 'MEL0001LMX0B02024TUMSF0200' ,15,2,1,0,0,NULL),(258,'NUEN640583', 'MEL0001LMX0B02024TUMSF0300' ,15,2,1,0,0,NULL),(259,'NUEN640592', 'MEL0001LMX0B02024TUMSF0400' ,15,2,1,0,0,NULL),(260,'NUEN640608', 'MEL0001LMX0B02026TUMSF0100' ,15,2,1,0,0,NULL),(261,'NUEN640617', 'MEL0001LMX0B02027TUMSF0100' ,15,2,1,0,0,NULL),(262,'NUEN640626', 'MEL0001LMX0B02027TUMSF0200' ,15,2,1,0,0,NULL),(263,'NUEN640635', 'MEL0001LMX0B02027TUMSF0300' ,15,2,1,0,0,NULL),(264,'NUEN640644', 'MEL0001LMX0B02027TUMSF0400' ,15,2,1,0,0,NULL),(265,'NUEN640653', 'MEL0001LMX0B02029TUMSF0100' ,15,2,1,0,0,NULL),(266,'NUEN640662', 'MEL0001LMX0B02029TUMSF0200' ,15,2,1,0,0,NULL),(267,'NUEN640671', 'MEL0001LMX0B02029TUMSF0300' ,15,2,1,0,0,NULL),(268,'NUEN640680', 'MEL0001LMX0B02029TUMSF0400' ,15,2,1,0,0,NULL),(269,'NUEN640699', 'MEL0001LMX0B02033TUMSF0100' ,15,2,1,0,0,NULL),(270,'NUEN640705', 'MEL0001LMX0B02033TUMSF0200' ,15,2,1,0,0,NULL),(271,'NUEN640714', 'MEL0001LMX0B02033TUMSF0300' ,15,2,1,0,0,NULL),(272,'NUEN640723', 'MEL0001LMX0B02033TUMSF0400' ,15,2,1,0,0,NULL),(273,'NUEL581745', 'CRC0001PRH0000000000R01R06' ,12,10,1,0,1,NULL),(274,'NUEL581754', 'CRC0001PRH0000000000R01R07' ,12,10,1,0,1,NULL),(275,'NUEL581763', 'CRC0001PRH0000000000R01R08' ,12,10,1,0,1,NULL),(276,'NUEL581772', 'CRC0001PRH0000000000R01R09' ,12,10,1,0,1,NULL),(277,'NUEL581781', 'CRC0001PRH0000000000R01R10' ,12,10,1,0,1,NULL),(278,'NUEL581790', 'CRC0001PRH0000000000R01R11' ,12,10,1,0,1,NULL),(279,'NUEL581806', 'CRC0001PRH0000000000R01R12' ,12,10,1,0,1,NULL),(280,'NUEL581815', 'CRC0001PRH0000000000R01R13' ,12,10,1,0,1,NULL),(281,'NUEL581824', 'CRC0001PRH0000000000R01R14' ,12,10,1,0,1,NULL),(282,'NUEL581833', 'CRC0001PRH0000000000R01R15' ,12,10,1,0,1,NULL),(283,'NUEL581842', 'CRC0001PRH0000000000R01R16' ,12,10,1,0,1,NULL),(284,'NUEL581851', 'CRC0001PRH0000000000R01R17' ,12,10,1,0,1,NULL),(285,'NUEL581860', 'CRC0001PRH0000000000R01R18' ,12,10,1,0,1,NULL),(286,'NUEL581879', 'CRC0001PRH0000000000R01R19' ,12,10,1,0,1,NULL),(287,'NUEL581888', 'CRC0001PRH0000000000R01R20' ,12,10,1,0,1,NULL),(288,'NUEL581897', 'CRC0001PRH0000000000R01R21' ,12,10,1,0,1,NULL),(289,'NUEL581903', 'CRC0001PRH0000000000R01R22' ,12,10,1,0,1,NULL),(290,'NUEL581912', 'CRC0001PRH0000000000R01R23' ,12,10,1,0,1,NULL),(291,'NUEL581921', 'CRC0001PRH0000000000R01R24' ,12,10,1,0,1,NULL),(292,'NUEL581930', 'CRC0001PRH0000000000R01R25' ,12,10,1,0,1,NULL),(293,'NUEL581949', 'CRC0001PRH0000000000R01R26' ,12,10,1,0,1,NULL),(294,'NUEL581958', 'CRC0001PRH0000000000R01R27' ,12,10,1,0,1,NULL),(295,'NUEL581967', 'CRC0001PRH0000000000R01R28' ,12,10,1,0,1,NULL),(296,'NUEL581976', 'CRC0001PRH0000000000R01R29' ,12,10,1,0,1,NULL),(297,'NUEL581985', 'CRC0001PRH0000000000R01R30' ,12,10,1,0,1,NULL),(298,'NUEL581994', 'CRC0001PRH0000000000R01R31' ,12,10,1,0,1,NULL),(299,'NUEL582009', 'CRC0001PRH0000000000R01R32' ,12,10,1,0,1,NULL),(300,'NUEL582018', 'CRC0001PRH0000000000R01R33' ,12,10,1,0,1,NULL),(301,'NUEL582027', 'CRC0001PRH0000000000R01R34' ,12,10,1,0,1,NULL),(302,'NUEL582036', 'CRC0001PRH0000000000R01R35' ,12,10,1,0,1,NULL);

/*!40000 ALTER TABLE `aliquot` ENABLE KEYS */;
UNLOCK TABLES;

--
-- Table structure for table `aliquot_audit`
--

DROP TABLE IF EXISTS `aliquot_audit`;
/*!40101 SET @saved_cs_client     = @@character_set_client */;
/*!40101 SET character_set_client = utf8 */;
CREATE TABLE `aliquot_audit` (
  `id` int(11) NOT NULL,
  `barcodeID` varchar(30) DEFAULT NULL,
  `uniqueGenealogyID` varchar(30) NOT NULL,
  `idSamplingEvent` int(11) NOT NULL,
  `idAliquotType` int(11) NOT NULL,
  `availability` tinyint(1) NOT NULL,
  `timesUsed` int(11) NOT NULL,
  `derived` tinyint(1) NOT NULL,
  `archiveDate` date DEFAULT NULL,
  `username` varchar(30) NOT NULL,
  `_audit_id` int(11) NOT NULL AUTO_INCREMENT,
  `_audit_timestamp` datetime NOT NULL,
  `_audit_change_type` varchar(1) NOT NULL,
  PRIMARY KEY (`_audit_id`)
) ENGINE=InnoDB AUTO_INCREMENT=280 DEFAULT CHARSET=latin1;
/*!40101 SET character_set_client = @saved_cs_client */;

--
-- Dumping data for table `aliquot_audit`
--

LOCK TABLES `aliquot_audit` WRITE;
/*!40000 ALTER TABLE `aliquot_audit` DISABLE KEYS */;
INSERT INTO `aliquot_audit` VALUES (1,'50','MEL0001LMH0000000000VT0100',1,1,1,0,0,NULL,'emanuele.geda',1,'2013-11-07 11:19:41','I'),(2,'fsrew','BRC0001BLH0000000000PL0100',2,11,1,0,0,NULL,'emanuele.geda',2,'2013-11-07 11:26:15','I'),(3,'cvbgbtr','BRC0001BLH0000000000PL0200',2,11,1,0,0,NULL,'emanuele.geda',3,'2013-11-07 11:26:15','I'),(3,'cvbgbtr','BRC0001BLH0000000000PL0200',2,11,1,1,0,NULL,'emanuele.geda',4,'2013-11-07 11:50:32','U'),(4,'ssdscdefe','BRC0001BLH0000000000D01000',3,7,1,0,1,NULL,'emanuele.geda',5,'2013-11-07 11:50:32','I'),(5,'tryyt','BRC0002URH0000000000FR0100',4,13,1,0,0,NULL,'emanuele.geda',6,'2013-11-07 11:52:47','I'),(6,'ghffyy','BRC0002URH0000000000FR0200',4,13,1,0,0,NULL,'emanuele.geda',7,'2013-11-07 11:52:47','I'),(7,'nyyy','BRC0002BLH0000000000PL0200',5,11,1,0,0,NULL,'emanuele.geda',8,'2013-11-07 11:52:47','I'),(8,'fdgt','BRC0002BLH0000000000PL0100',5,11,1,0,0,NULL,'emanuele.geda',9,'2013-11-07 11:52:47','I'),(11,'vt1A1','CRC0001PRH0000000000VT0100',7,1,1,0,0,NULL,'emanuele.geda',12,'2013-11-13 11:02:58','I'),(12,'vt1A2','CRC0001PRH0000000000VT0200',7,1,1,0,0,NULL,'emanuele.geda',13,'2013-11-13 11:02:58','I'),(13,'vt1A3','CRC0001LMH0000000000VT0100',8,1,1,0,0,NULL,'emanuele.geda',14,'2013-11-13 11:02:58','I'),(14,'ffpe2','CRC0001LMH0000000000FF0100',8,4,1,0,0,NULL,'emanuele.geda',15,'2013-11-13 11:02:58','I'),(15,'ffpe1','CRC0001PRH0000000000FF0100',7,4,1,0,0,NULL,'emanuele.geda',16,'2013-11-13 11:02:58','I'),(16,'NUEN620738','CRC0001PRH0000000000RL0100',7,3,1,0,0,NULL,'emanuele.geda',17,'2013-11-13 11:02:58','I'),(17,'NUEN620747','CRC0001LMH0000000000RL0100',8,3,1,0,0,NULL,'emanuele.geda',18,'2013-11-13 11:02:59','I'),(18,'NUEL561538','CRC0001PRH0000000000SF0100',7,2,1,0,0,NULL,'emanuele.geda',19,'2013-11-13 11:02:59','I'),(19,'NUEL561547','CRC0001LMH0000000000SF0100',8,2,1,0,0,NULL,'emanuele.geda',20,'2013-11-13 11:02:59','I'),(17,'NUEN620747','CRC0001LMH0000000000RL0100',8,3,1,1,0,NULL,'emanuele.geda',21,'2013-11-14 09:38:53','U'),(20,'NUEL556730','CRC0001LMH0000000000D01000',9,7,1,0,1,NULL,'emanuele.geda',22,'2013-11-14 09:38:53','I'),(21,'NUEL556749','CRC0001LMH0000000000D02000',9,7,1,0,1,NULL,'emanuele.geda',23,'2013-11-14 09:38:53','I'),(22,'NUEL556758','CRC0001LMH0000000000D03000',9,7,1,0,1,NULL,'emanuele.geda',24,'2013-11-14 09:38:53','I'),(23,'NUEL556767','CRC0001LMH0000000000D04000',9,7,1,0,1,NULL,'emanuele.geda',25,'2013-11-14 09:38:53','I'),(24,'NUEL556776','CRC0001LMH0000000000D05000',9,7,1,0,1,NULL,'emanuele.geda',26,'2013-11-14 09:38:53','I'),(16,'NUEN620738','CRC0001PRH0000000000RL0100',7,3,1,1,0,NULL,'emanuele.geda',27,'2013-11-14 09:42:07','U'),(25,'NUEL554811','CRC0001PRH0000000000R01000',10,8,1,0,1,NULL,'emanuele.geda',28,'2013-11-14 09:42:08','I'),(26,'NUEL554820','CRC0001PRH0000000000R02000',10,8,1,0,1,NULL,'emanuele.geda',29,'2013-11-14 09:42:08','I'),(27,'NUEL554839','CRC0001PRH0000000000R03000',10,8,1,0,1,NULL,'emanuele.geda',30,'2013-11-14 09:42:08','I'),(28,'NUEL554848','CRC0001PRH0000000000R04000',10,8,1,0,1,NULL,'emanuele.geda',31,'2013-11-14 09:42:08','I'),(29,'NUEL554857','CRC0001PRH0000000000R05000',10,8,1,0,1,NULL,'emanuele.geda',32,'2013-11-14 09:42:08','I'),(25,'NUEL554811','CRC0001PRH0000000000R01000',10,8,1,1,1,NULL,'emanuele.geda',33,'2013-11-14 09:45:54','U'),(30,'NUEL543295','CRC0001PRH0000000000R01D01',11,9,1,0,1,NULL,'emanuele.geda',34,'2013-11-14 09:45:54','I'),(31,'NUEL543301','CRC0001PRH0000000000R01D02',11,9,1,0,1,NULL,'emanuele.geda',35,'2013-11-14 09:45:54','I'),(32,'NUEL543310','CRC0001PRH0000000000R01D03',11,9,1,0,1,NULL,'emanuele.geda',36,'2013-11-14 09:45:54','I'),(33,'NUEL543329','CRC0001PRH0000000000R01D04',11,9,1,0,1,NULL,'emanuele.geda',37,'2013-11-14 09:45:54','I'),(34,'NUEL543338','CRC0001PRH0000000000R01D05',11,9,1,0,1,NULL,'emanuele.geda',38,'2013-11-14 09:45:54','I'),(25,'NUEL554811','CRC0001PRH0000000000R01000',10,8,1,2,1,NULL,'emanuele.geda',39,'2013-11-14 09:52:09','U'),(35,'NUEL581693','CRC0001PRH0000000000R01R01',12,10,1,0,1,NULL,'emanuele.geda',40,'2013-11-14 09:52:09','I'),(36,'NUEL581709','CRC0001PRH0000000000R01R02',12,10,1,0,1,NULL,'emanuele.geda',41,'2013-11-14 09:52:09','I'),(37,'NUEL581718','CRC0001PRH0000000000R01R03',12,10,1,0,1,NULL,'emanuele.geda',42,'2013-11-14 09:52:09','I'),(38,'NUEL581727','CRC0001PRH0000000000R01R04',12,10,1,0,1,NULL,'emanuele.geda',43,'2013-11-14 09:52:09','I'),(39,'NUEL581736','CRC0001PRH0000000000R01R05',12,10,1,0,1,NULL,'emanuele.geda',44,'2013-11-14 09:52:09','I'),(40,'3232397y','GTR0001PRH0000000000VT0100',13,1,1,0,0,NULL,'andrea.bertotti',45,'2013-11-20 10:48:27','I'),
(9,'swefwe','MEL0002TMH0000000000RL0200',6,3,1,0,0,NULL,'emanuele.geda',47,'2013-11-21 11:48:40','D'),(10,'hrthr','MEL0002TMH0000000000RL0100',6,3,1,0,0,NULL,'emanuele.geda',48,'2013-11-21 11:48:40','D'),(42,'vt1A4','MEL0002LMH0000000000VT0100',14,1,1,0,0,NULL,'emanuele.geda',49,'2013-11-21 11:50:37','I'),(43,'vt1A5','MEL0002LMH0000000000VT0200',14,1,1,0,0,NULL,'emanuele.geda',50,'2013-11-21 11:50:37','I'),(44,'vt1A6','MEL0002LMH0000000000VT0300',14,1,1,0,0,NULL,'emanuele.geda',51,'2013-11-21 11:50:37','I'),(45,'NUEL561556','MEL0002LMH0000000000SF0100',14,2,1,0,0,NULL,'emanuele.geda',52,'2013-11-21 11:50:37','I'),(46,'NUEL561565','MEL0002LMH0000000000SF0200',14,2,1,0,0,NULL,'emanuele.geda',53,'2013-11-21 11:50:38','I'),

(47,'of1', 'MEL0001LMX0B02014TUMOF0100' ,15,5,1,0,0,NULL,'emanuele.geda',54,'2013-11-27 16:52:31','I'),(48,'vt2A1', 'MEL0001LMX0B01001TUMVT0100' ,15,1,1,0,0,NULL,'emanuele.geda',55,'2013-11-27 16:52:31','I'),(49,'vt2A2', 'MEL0001LMX0B01002TUMVT0100' ,15,1,1,0,0,NULL,'emanuele.geda',56,'2013-11-27 16:52:31','I'),(50,'vt2A3', 'MEL0001LMX0B01003TUMVT0100' ,15,1,1,0,0,NULL,'emanuele.geda',57,'2013-11-27 16:52:31','I'),(51,'vt2A4', 'MEL0001LMX0B01005TUMVT0100' ,15,1,1,0,0,NULL,'emanuele.geda',58,'2013-11-27 16:52:31','I'),(52,'vt2A5', 'MEL0001LMX0B01007TUMVT0100' ,15,1,1,0,0,NULL,'emanuele.geda',59,'2013-11-27 16:52:32','I'),(53,'vt2A6', 'MEL0001LMX0B01008TUMVT0100' ,15,1,1,0,0,NULL,'emanuele.geda',60,'2013-11-27 16:52:32','I'),(54,'vt2A7', 'MEL0001LMX0B01009TUMVT0100' ,15,1,1,0,0,NULL,'emanuele.geda',61,'2013-11-27 16:52:32','I'),(55,'vt2A8', 'MEL0001LMX0B01010TUMVT0100' ,15,1,1,0,0,NULL,'emanuele.geda',62,'2013-11-27 16:52:32','I'),(56,'vt2A9', 'MEL0001LMX0B01011TUMVT0100' ,15,1,1,0,0,NULL,'emanuele.geda',63,'2013-11-27 16:52:32','I'),(57,'vt2A10', 'MEL0001LMX0B01012TUMVT0100' ,15,1,1,0,0,NULL,'emanuele.geda',64,'2013-11-27 16:52:33','I'),(58,'vt2B1', 'MEL0001LMX0B02001TUMVT0100' ,15,1,1,0,0,NULL,'emanuele.geda',65,'2013-11-27 16:52:33','I'),(59,'vt2B2', 'MEL0001LMX0B02001TUMVT0200' ,15,1,1,0,0,NULL,'emanuele.geda',66,'2013-11-27 16:52:33','I'),(60,'vt2B3', 'MEL0001LMX0B02001TUMVT0300' ,15,1,1,0,0,NULL,'emanuele.geda',67,'2013-11-27 16:52:33','I'),(61,'vt2B4', 'MEL0001LMX0B02006TUMVT0100' ,15,1,1,0,0,NULL,'emanuele.geda',68,'2013-11-27 16:52:33','I'),(62,'vt2B5', 'MEL0001LMX0B02006TUMVT0200' ,15,1,1,0,0,NULL,'emanuele.geda',69,'2013-11-27 16:52:34','I'),(63,'vt2B6', 'MEL0001LMX0B02007TUMVT0100' ,15,1,1,0,0,NULL,'emanuele.geda',70,'2013-11-27 16:52:34','I'),(64,'vt2B7', 'MEL0001LMX0B02007TUMVT0200' ,15,1,1,0,0,NULL,'emanuele.geda',71,'2013-11-27 16:52:34','I'),(65,'vt2B8', 'MEL0001LMX0B02007TUMVT0300' ,15,1,1,0,0,NULL,'emanuele.geda',72,'2013-11-27 16:52:34','I'),(66,'vt2B9', 'MEL0001LMX0B02012TUMVT0100' ,15,1,1,0,0,NULL,'emanuele.geda',73,'2013-11-27 16:52:35','I'),(67,'vt2B10', 'MEL0001LMX0B02012TUMVT0200' ,15,1,1,0,0,NULL,'emanuele.geda',74,'2013-11-27 16:52:35','I'),(68,'vt2C1', 'MEL0001LMX0B02012TUMVT0300' ,15,1,1,0,0,NULL,'emanuele.geda',75,'2013-11-27 16:52:35','I'),(69,'vt2C2', 'MEL0001LMX0B02014TUMVT0100' ,15,1,1,0,0,NULL,'emanuele.geda',76,'2013-11-27 16:52:35','I'),(70,'vt2C3', 'MEL0001LMX0B02014TUMVT0200' ,15,1,1,0,0,NULL,'emanuele.geda',77,'2013-11-27 16:52:35','I'),(71,'vt2C4', 'MEL0001LMX0B02014TUMVT0300' ,15,1,1,0,0,NULL,'emanuele.geda',78,'2013-11-27 16:52:36','I'),(72,'vt2C5', 'MEL0001LMX0B02019TUMVT0100' ,15,1,1,0,0,NULL,'emanuele.geda',79,'2013-11-27 16:52:36','I'),(73,'vt2C6', 'MEL0001LMX0B02019TUMVT0200' ,15,1,1,0,0,NULL,'emanuele.geda',80,'2013-11-27 16:52:36','I'),(74,'vt2C7', 'MEL0001LMX0B02019TUMVT0300' ,15,1,1,0,0,NULL,'emanuele.geda',81,'2013-11-27 16:52:36','I'),(75,'vt2C8', 'MEL0001LMX0B02019TUMVT0400' ,15,1,1,0,0,NULL,'emanuele.geda',82,'2013-11-27 16:52:36','I'),(76,'vt2C9', 'MEL0001LMX0B02020TUMVT0100' ,15,1,1,0,0,NULL,'emanuele.geda',83,'2013-11-27 16:52:37','I'),(77,'vt2C10', 'MEL0001LMX0B02020TUMVT0200' ,15,1,1,0,0,NULL,'emanuele.geda',84,'2013-11-27 16:52:37','I'),(78,'vt2D1', 'MEL0001LMX0B02020TUMVT0300' ,15,1,1,0,0,NULL,'emanuele.geda',85,'2013-11-27 16:52:37','I'),(79,'vt2D2', 'MEL0001LMX0B02021TUMVT0100' ,15,1,1,0,0,NULL,'emanuele.geda',86,'2013-11-27 16:52:37','I'),(80,'vt2D3', 'MEL0001LMX0B02022TUMVT0200' ,15,1,1,0,0,NULL,'emanuele.geda',87,'2013-11-27 16:52:37','I'),(81,'vt2D4', 'MEL0001LMX0B02022TUMVT0300' ,15,1,1,0,0,NULL,'emanuele.geda',88,'2013-11-27 16:52:38','I'),(82,'vt2D6', 'MEL0001LMX0B02024TUMVT0100' ,15,1,1,0,0,NULL,'emanuele.geda',90,'2013-11-27 16:52:38','I'),(83,'vt2D7', 'MEL0001LMX0B02024TUMVT0200' ,15,1,1,0,0,NULL,'emanuele.geda',91,'2013-11-27 16:52:38','I'),(84,'vt2D8', 'MEL0001LMX0B02024TUMVT0300' ,15,1,1,0,0,NULL,'emanuele.geda',92,'2013-11-27 16:52:38','I'),(85,'vt2D9', 'MEL0001LMX0B02029TUMVT0100' ,15,1,1,0,0,NULL,'emanuele.geda',93,'2013-11-27 16:52:39','I'),(86,'vt2D10', 'MEL0001LMX0B02029TUMVT0200' ,15,1,1,0,0,NULL,'emanuele.geda',94,'2013-11-27 16:52:39','I'),(87,'vt2E1', 'MEL0001LMX0B02029TUMVT0300' ,15,1,1,0,0,NULL,'emanuele.geda',95,'2013-11-27 16:52:39','I'),(88,'vt2E2', 'MEL0001LMX0B02022TUMVT0100' ,15,1,1,0,0,NULL,'emanuele.geda',96,'2013-11-27 16:52:39','I'),(90,'ff13', 'MEL0001LMX0B02001TUMFF0100' ,15,4,1,0,0,NULL,'emanuele.geda',97,'2013-11-27 16:52:39','I'),(91,'ff12', 'MEL0001LMX0B02002TUMFF0100' ,15,4,1,0,0,NULL,'emanuele.geda',98,'2013-11-27 16:52:39','I'),(92,'ff11', 'MEL0001LMX0B02003TUMFF0100' ,15,4,1,0,0,NULL,'emanuele.geda',99,'2013-11-27 16:52:39','I'),(93,'ff10', 'MEL0001LMX0B02004TUMFF0100' ,15,4,1,0,0,NULL,'emanuele.geda',100,'2013-11-27 16:52:39','I'),(94,'ff17', 'MEL0001LMX0B02005TUMFF0100' ,15,4,1,0,0,NULL,'emanuele.geda',101,'2013-11-27 16:52:39','I'),(95,'ff16', 'MEL0001LMX0B02006TUMFF0100' ,15,4,1,0,0,NULL,'emanuele.geda',102,'2013-11-27 16:52:39','I'),(96,'ff15', 'MEL0001LMX0B02007TUMFF0100' ,15,4,1,0,0,NULL,'emanuele.geda',103,'2013-11-27 16:52:39','I'),(97,'ff14', 'MEL0001LMX0B02011TUMFF0100' ,15,4,1,0,0,NULL,'emanuele.geda',104,'2013-11-27 16:52:39','I'),(98,'ff19', 'MEL0001LMX0B02012TUMFF0100' ,15,4,1,0,0,NULL,'emanuele.geda',105,'2013-11-27 16:52:39','I'),(99,'ff18', 'MEL0001LMX0B02013TUMFF0100' ,15,4,1,0,0,NULL,'emanuele.geda',106,'2013-11-27 16:52:39','I'),(100,'ff9', 'MEL0001LMX0B02014TUMFF0100' ,15,4,1,0,0,NULL,'emanuele.geda',107,'2013-11-27 16:52:39','I'),(101,'ff8', 'MEL0001LMX0B02015TUMFF0100' ,15,4,1,0,0,NULL,'emanuele.geda',108,'2013-11-27 16:52:39','I'),(102,'ff7', 'MEL0001LMX0B02018TUMFF0100' ,15,4,1,0,0,NULL,'emanuele.geda',109,'2013-11-27 16:52:39','I'),(103,'ff6', 'MEL0001LMX0B02019TUMFF0100' ,15,4,1,0,0,NULL,'emanuele.geda',110,'2013-11-27 16:52:39','I'),(104,'ff5', 'MEL0001LMX0B02020TUMFF0100' ,15,4,1,0,0,NULL,'emanuele.geda',111,'2013-11-27 16:52:39','I'),(105,'ff4', 'MEL0001LMX0B02021TUMFF0100' ,15,4,1,0,0,NULL,'emanuele.geda',112,'2013-11-27 16:52:39','I'),(106,'ff3', 'MEL0001LMX0B02022TUMFF0100' ,15,4,1,0,0,NULL,'emanuele.geda',113,'2013-11-27 16:52:40','I'),(107,'ff2', 'MEL0001LMX0B02023TUMFF0100' ,15,4,1,0,0,NULL,'emanuele.geda',114,'2013-11-27 16:52:40','I'),(108,'ff1', 'MEL0001LMX0B02024TUMFF0100' ,15,4,1,0,0,NULL,'emanuele.geda',115,'2013-11-27 16:52:40','I'),(109,'ff22', 'MEL0001LMX0B02027TUMFF0100' ,15,4,1,0,0,NULL,'emanuele.geda',116,'2013-11-27 16:52:40','I'),(110,'ff23', 'MEL0001LMX0B02029TUMFF0100' ,15,4,1,0,0,NULL,'emanuele.geda',117,'2013-11-27 16:52:40','I'),(111,'ff20', 'MEL0001LMX0B02033TUMFF0100' ,15,4,1,0,0,NULL,'emanuele.geda',118,'2013-11-27 16:52:40','I'),(112,'ff21', 'MEL0001LMX0B02038TUMFF0100' ,15,4,1,0,0,NULL,'emanuele.geda',119,'2013-11-27 16:52:40','I'),(113,'NUEN624576', 'MEL0001LMX0B02001TUMRL0100' ,15,3,1,0,0,NULL,'emanuele.geda',120,'2013-11-27 16:52:40','I'),(114,'NUEN624585', 'MEL0001LMX0B02001TUMRL0200' ,15,3,1,0,0,NULL,'emanuele.geda',121,'2013-11-27 16:52:40','I'),(115,'NUEN624594', 'MEL0001LMX0B02001TUMRL0300' ,15,3,1,0,0,NULL,'emanuele.geda',122,'2013-11-27 16:52:40','I'),(116,'NUEN624600', 'MEL0001LMX0B02001TUMRL0400' ,15,3,1,0,0,NULL,'emanuele.geda',123,'2013-11-27 16:52:40','I'),(117,'NUEN624619', 'MEL0001LMX0B02002TUMRL0100' ,15,3,1,0,0,NULL,'emanuele.geda',124,'2013-11-27 16:52:41','I'),(118,'NUEN624628', 'MEL0001LMX0B02002TUMRL0200' ,15,3,1,0,0,NULL,'emanuele.geda',125,'2013-11-27 16:52:41','I'),(119,'NUEN624637', 'MEL0001LMX0B02002TUMRL0300' ,15,3,1,0,0,NULL,'emanuele.geda',126,'2013-11-27 16:52:41','I'),(120,'NUEN624646', 'MEL0001LMX0B02002TUMRL0400' ,15,3,1,0,0,NULL,'emanuele.geda',127,'2013-11-27 16:52:41','I'),(121,'NUEN624655', 'MEL0001LMX0B02003TUMRL0100' ,15,3,1,0,0,NULL,'emanuele.geda',128,'2013-11-27 16:52:42','I'),(122,'NUEN624664', 'MEL0001LMX0B02003TUMRL0200' ,15,3,1,0,0,NULL,'emanuele.geda',129,'2013-11-27 16:52:42','I'),(123,'NUEN624673', 'MEL0001LMX0B02003TUMRL0300' ,15,3,1,0,0,NULL,'emanuele.geda',130,'2013-11-27 16:52:42','I'),(124,'NUEN624682', 'MEL0001LMX0B02003TUMRL0400' ,15,3,1,0,0,NULL,'emanuele.geda',131,'2013-11-27 16:52:42','I'),(125,'NUEN624691', 'MEL0001LMX0B02004TUMRL0100' ,15,3,1,0,0,NULL,'emanuele.geda',132,'2013-11-27 16:52:42','I'),(126,'NUEN624707', 'MEL0001LMX0B02004TUMRL0200' ,15,3,1,0,0,NULL,'emanuele.geda',133,'2013-11-27 16:52:43','I'),(127,'NUEN624716', 'MEL0001LMX0B02004TUMRL0300' ,15,3,1,0,0,NULL,'emanuele.geda',134,'2013-11-27 16:52:43','I'),(128,'NUEN624725', 'MEL0001LMX0B02004TUMRL0400' ,15,3,1,0,0,NULL,'emanuele.geda',135,'2013-11-27 16:52:43','I'),(129,'NUEN624734', 'MEL0001LMX0B02005TUMRL0100' ,15,3,1,0,0,NULL,'emanuele.geda',136,'2013-11-27 16:52:43','I'),(130,'NUEN624743', 'MEL0001LMX0B02005TUMRL0200' ,15,3,1,0,0,NULL,'emanuele.geda',137,'2013-11-27 16:52:43','I'),(131,'NUEN624752', 'MEL0001LMX0B02005TUMRL0300' ,15,3,1,0,0,NULL,'emanuele.geda',138,'2013-11-27 16:52:44','I'),(132,'NUEN624761', 'MEL0001LMX0B02005TUMRL0400' ,15,3,1,0,0,NULL,'emanuele.geda',139,'2013-11-27 16:52:44','I'),(133,'NUEN624770', 'MEL0001LMX0B02006TUMRL0100' ,15,3,1,0,0,NULL,'emanuele.geda',140,'2013-11-27 16:52:44','I'),(134,'NUEN624789', 'MEL0001LMX0B02006TUMRL0200' ,15,3,1,0,0,NULL,'emanuele.geda',141,'2013-11-27 16:52:44','I'),(135,'NUEN624798', 'MEL0001LMX0B02006TUMRL0300' ,15,3,1,0,0,NULL,'emanuele.geda',142,'2013-11-27 16:52:44','I'),(136,'NUEN624804', 'MEL0001LMX0B02006TUMRL0400' ,15,3,1,0,0,NULL,'emanuele.geda',143,'2013-11-27 16:52:44','I'),(137,'NUEN624813', 'MEL0001LMX0B02007TUMRL0100' ,15,3,1,0,0,NULL,'emanuele.geda',144,'2013-11-27 16:52:45','I'),(138,'NUEN624822', 'MEL0001LMX0B02007TUMRL0200' ,15,3,1,0,0,NULL,'emanuele.geda',145,'2013-11-27 16:52:45','I'),(139,'NUEN624831', 'MEL0001LMX0B02007TUMRL0300' ,15,3,1,0,0,NULL,'emanuele.geda',146,'2013-11-27 16:52:45','I'),(140,'NUEN624840',  'MEL0001LMX0B02008TUMRL0100'  ,15,3,1,0,0,NULL,'emanuele.geda',147,'2013-11-27 16:52:45','I'),(141,'NUEN624859', 'MEL0001LMX0B02011TUMRL0100' ,15,3,1,0,0,NULL,'emanuele.geda',148,'2013-11-27 16:52:45','I'),(142,'NUEN624868', 'MEL0001LMX0B02011TUMRL0200' ,15,3,1,0,0,NULL,'emanuele.geda',149,'2013-11-27 16:52:46','I'),(143,'NUEN624877', 'MEL0001LMX0B02011TUMRL0300' ,15,3,1,0,0,NULL,'emanuele.geda',150,'2013-11-27 16:52:46','I'),(144,'NUEN624886', 'MEL0001LMX0B02011TUMRL0400' ,15,3,1,0,0,NULL,'emanuele.geda',151,'2013-11-27 16:52:46','I'),(145,'NUEN624895', 'MEL0001LMX0B02012TUMRL0100' ,15,3,1,0,0,NULL,'emanuele.geda',152,'2013-11-27 16:52:46','I'),(146,'NUEN624901','MEL0001LMX0B02012TUMRL0200' ,15,3,1,0,0,NULL,'emanuele.geda',153,'2013-11-27 16:52:46','I'),(147,'NUEN624910','MEL0001LMX0B02012TUMRL0300' ,15,3,1,0,0,NULL,'emanuele.geda',154,'2013-11-27 16:52:47','I'),(148,'NUEN624929','MEL0001LMX0B02012TUMRL0400' ,15,3,1,0,0,NULL,'emanuele.geda',155,'2013-11-27 16:52:47','I'),(149,'NUEN624938', 'MEL0001LMX0B02014TUMRL0100' ,15,3,1,0,0,NULL,'emanuele.geda',156,'2013-11-27 16:52:47','I'),(150,'NUEN624947', 'MEL0001LMX0B02014TUMRL0200' ,15,3,1,0,0,NULL,'emanuele.geda',157,'2013-11-27 16:52:47','I'),(151,'NUEN624956', 'MEL0001LMX0B02014TUMRL0300' ,15,3,1,0,0,NULL,'emanuele.geda',158,'2013-11-27 16:52:47','I'),(152,'NUEN624965', 'MEL0001LMX0B02014TUMRL0400' ,15,3,1,0,0,NULL,'emanuele.geda',159,'2013-11-27 16:52:48','I'),(153,'NUEN624974', 'MEL0001LMX0B02017TUMRL0100' ,15,3,1,0,0,NULL,'emanuele.geda',160,'2013-11-27 16:52:48','I'),(154,'NUEN624983', 'MEL0001LMX0B02018TUMRL0100' ,15,3,1,0,0,NULL,'emanuele.geda',161,'2013-11-27 16:52:48','I'),(155,'NUEN624992', 'MEL0001LMX0B02018TUMRL0200' ,15,3,1,0,0,NULL,'emanuele.geda',162,'2013-11-27 16:52:48','I'),(156,'NUEN625007', 'MEL0001LMX0B02018TUMRL0300' ,15,3,1,0,0,NULL,'emanuele.geda',163,'2013-11-27 16:52:49','I'),(157,'NUEN625016', 'MEL0001LMX0B02018TUMRL0400' ,15,3,1,0,0,NULL,'emanuele.geda',164,'2013-11-27 16:52:49','I'),(158,'NUEN625025', 'MEL0001LMX0B02019TUMRL0100' ,15,3,1,0,0,NULL,'emanuele.geda',165,'2013-11-27 16:52:49','I'),(159,'NUEN625034', 'MEL0001LMX0B02019TUMRL0200' ,15,3,1,0,0,NULL,'emanuele.geda',166,'2013-11-27 16:52:49','I'),(160,'NUEN625043', 'MEL0001LMX0B02019TUMRL0300' ,15,3,1,0,0,NULL,'emanuele.geda',167,'2013-11-27 16:52:49','I'),(161,'NUEN625052', 'MEL0001LMX0B02019TUMRL0400' ,15,3,1,0,0,NULL,'emanuele.geda',168,'2013-11-27 16:52:50','I'),(162,'NUEN625061', 'MEL0001LMX0B02020TUMRL0100' ,15,3,1,0,0,NULL,'emanuele.geda',169,'2013-11-27 16:52:50','I'),(163,'NUEN625070', 'MEL0001LMX0B02020TUMRL0200' ,15,3,1,0,0,NULL,'emanuele.geda',170,'2013-11-27 16:52:50','I'),(164,'NUEN625089', 'MEL0001LMX0B02020TUMRL0300' ,15,3,1,0,0,NULL,'emanuele.geda',171,'2013-11-27 16:52:50','I'),(165,'NUEN625098', 'MEL0001LMX0B02020TUMRL0400' ,15,3,1,0,0,NULL,'emanuele.geda',172,'2013-11-27 16:52:50','I'),(166,'NUEN625104', 'MEL0001LMX0B02021TUMRL0100' ,15,3,1,0,0,NULL,'emanuele.geda',173,'2013-11-27 16:52:51','I'),(167,'NUEN625113', 'MEL0001LMX0B02021TUMRL0200' ,15,3,1,0,0,NULL,'emanuele.geda',174,'2013-11-27 16:52:51','I'),(168,'NUEN625122', 'MEL0001LMX0B02022TUMRL0100' ,15,3,1,0,0,NULL,'emanuele.geda',175,'2013-11-27 16:52:51','I'),(169,'NUEN625131', 'MEL0001LMX0B02022TUMRL0200' ,15,3,1,0,0,NULL,'emanuele.geda',176,'2013-11-27 16:52:51','I'),(170,'NUEN625140', 'MEL0001LMX0B02022TUMRL0300' ,15,3,1,0,0,NULL,'emanuele.geda',177,'2013-11-27 16:52:51','I'),(171,'NUEN625159', 'MEL0001LMX0B02022TUMRL0400' ,15,3,1,0,0,NULL,'emanuele.geda',178,'2013-11-27 16:52:52','I'),(172,'NUEN625168', 'MEL0001LMX0B02023TUMRL0100' ,15,3,1,0,0,NULL,'emanuele.geda',179,'2013-11-27 16:52:52','I'),(173,'NUEN625177', 'MEL0001LMX0B02023TUMRL0200' ,15,3,1,0,0,NULL,'emanuele.geda',180,'2013-11-27 16:52:52','I'),(174,'NUEN625186', 'MEL0001LMX0B02023TUMRL0300' ,15,3,1,0,0,NULL,'emanuele.geda',181,'2013-11-27 16:52:52','I'),(175,'NUEN625195', 'MEL0001LMX0B02023TUMRL0400' ,15,3,1,0,0,NULL,'emanuele.geda',182,'2013-11-27 16:52:52','I'),(176,'NUEN625201', 'MEL0001LMX0B02024TUMRL0100' ,15,3,1,0,0,NULL,'emanuele.geda',183,'2013-11-27 16:52:53','I'),(177,'NUEN625210', 'MEL0001LMX0B02024TUMRL0200' ,15,3,1,0,0,NULL,'emanuele.geda',184,'2013-11-27 16:52:53','I'),(178,'NUEN625229', 'MEL0001LMX0B02024TUMRL0300' ,15,3,1,0,0,NULL,'emanuele.geda',185,'2013-11-27 16:52:53','I'),(179,'NUEN625238', 'MEL0001LMX0B02024TUMRL0400' ,15,3,1,0,0,NULL,'emanuele.geda',186,'2013-11-27 16:52:53','I'),(180,'NUEN625247', 'MEL0001LMX0B02027TUMRL0100' ,15,3,1,0,0,NULL,'emanuele.geda',187,'2013-11-27 16:52:53','I'),(181,'NUEN625256', 'MEL0001LMX0B02027TUMRL0200' ,15,3,1,0,0,NULL,'emanuele.geda',188,'2013-11-27 16:52:54','I'),(182,'NUEN625265', 'MEL0001LMX0B02027TUMRL0300' ,15,3,1,0,0,NULL,'emanuele.geda',189,'2013-11-27 16:52:54','I'),(183,'NUEN625274', 'MEL0001LMX0B02027TUMRL0400' ,15,3,1,0,0,NULL,'emanuele.geda',190,'2013-11-27 16:52:54','I'),(184,'NUEN625283', 'MEL0001LMX0B02029TUMRL0100' ,15,3,1,0,0,NULL,'emanuele.geda',191,'2013-11-27 16:52:54','I'),(185,'NUEN625292', 'MEL0001LMX0B02029TUMRL0200' ,15,3,1,0,0,NULL,'emanuele.geda',192,'2013-11-27 16:52:54','I'),(186,'NUEN625308', 'MEL0001LMX0B02029TUMRL0300' ,15,3,1,0,0,NULL,'emanuele.geda',193,'2013-11-27 16:52:55','I'),(187,'NUEN625317', 'MEL0001LMX0B02029TUMRL0400' ,15,3,1,0,0,NULL,'emanuele.geda',194,'2013-11-27 16:52:55','I'),(188,'NUEN625326', 'MEL0001LMX0B02033TUMRL0100' ,15,3,1,0,0,NULL,'emanuele.geda',195,'2013-11-27 16:52:55','I'),(189,'NUEN625335', 'MEL0001LMX0B02033TUMRL0200' ,15,3,1,0,0,NULL,'emanuele.geda',196,'2013-11-27 16:52:55','I'),(190,'NUEN625344', 'MEL0001LMX0B02033TUMRL0300' ,15,3,1,0,0,NULL,'emanuele.geda',197,'2013-11-27 16:52:56','I'),(191,'NUEN625353', 'MEL0001LMX0B02033TUMRL0400' ,15,3,1,0,0,NULL,'emanuele.geda',198,'2013-11-27 16:52:56','I'),(192,'NUEN625362', 'MEL0001LMX0B02038TUMRL0100' ,15,3,1,0,0,NULL,'emanuele.geda',199,'2013-11-27 16:52:56','I'),(193,'NUEN639930', 'MEL0001LMX0B02001TUMSF0100' ,15,2,1,0,0,NULL,'emanuele.geda',200,'2013-11-27 16:52:56','I'),(194,'NUEN639949', 'MEL0001LMX0B02001TUMSF0200' ,15,2,1,0,0,NULL,'emanuele.geda',201,'2013-11-27 16:52:56','I'),(195,'NUEN639958', 'MEL0001LMX0B02001TUMSF0300' ,15,2,1,0,0,NULL,'emanuele.geda',202,'2013-11-27 16:52:57','I'),(196,'NUEN639967', 'MEL0001LMX0B02001TUMSF0400' ,15,2,1,0,0,NULL,'emanuele.geda',203,'2013-11-27 16:52:57','I'),(197,'NUEN639976', 'MEL0001LMX0B02002TUMSF0100' ,15,2,1,0,0,NULL,'emanuele.geda',204,'2013-11-27 16:52:57','I'),(198,'NUEN639985', 'MEL0001LMX0B02002TUMSF0200' ,15,2,1,0,0,NULL,'emanuele.geda',205,'2013-11-27 16:52:57','I'),(199,'NUEN639994', 'MEL0001LMX0B02002TUMSF0300' ,15,2,1,0,0,NULL,'emanuele.geda',206,'2013-11-27 16:52:57','I'),(200,'NUEN640006', 'MEL0001LMX0B02002TUMSF0400' ,15,2,1,0,0,NULL,'emanuele.geda',207,'2013-11-27 16:52:58','I'),(201,'NUEN640015', 'MEL0001LMX0B02003TUMSF0100' ,15,2,1,0,0,NULL,'emanuele.geda',208,'2013-11-27 16:52:58','I'),(202,'NUEN640024', 'MEL0001LMX0B02003TUMSF0200' ,15,2,1,0,0,NULL,'emanuele.geda',209,'2013-11-27 16:52:58','I'),(203,'NUEN640033', 'MEL0001LMX0B02003TUMSF0300' ,15,2,1,0,0,NULL,'emanuele.geda',210,'2013-11-27 16:52:58','I'),(204,'NUEN640042', 'MEL0001LMX0B02003TUMSF0400' ,15,2,1,0,0,NULL,'emanuele.geda',211,'2013-11-27 16:52:58','I'),(205,'NUEN640051', 'MEL0001LMX0B02004TUMSF0100' ,15,2,1,0,0,NULL,'emanuele.geda',212,'2013-11-27 16:52:59','I'),(206,'NUEN640060', 'MEL0001LMX0B02004TUMSF0200' ,15,2,1,0,0,NULL,'emanuele.geda',213,'2013-11-27 16:52:59','I'),(207,'NUEN640079', 'MEL0001LMX0B02004TUMSF0300' ,15,2,1,0,0,NULL,'emanuele.geda',214,'2013-11-27 16:52:59','I'),(208,'NUEN640088', 'MEL0001LMX0B02004TUMSF0400' ,15,2,1,0,0,NULL,'emanuele.geda',215,'2013-11-27 16:52:59','I'),(209,'NUEN640097', 'MEL0001LMX0B02005TUMSF0100' ,15,2,1,0,0,NULL,'emanuele.geda',216,'2013-11-27 16:52:59','I'),(210,'NUEN640103', 'MEL0001LMX0B02005TUMSF0200' ,15,2,1,0,0,NULL,'emanuele.geda',217,'2013-11-27 16:53:00','I'),(211,'NUEN640112', 'MEL0001LMX0B02005TUMSF0300' ,15,2,1,0,0,NULL,'emanuele.geda',218,'2013-11-27 16:53:00','I'),(212,'NUEN640121', 'MEL0001LMX0B02005TUMSF0400' ,15,2,1,0,0,NULL,'emanuele.geda',219,'2013-11-27 16:53:00','I'),(213,'NUEN640130', 'MEL0001LMX0B02006TUMSF0100' ,15,2,1,0,0,NULL,'emanuele.geda',220,'2013-11-27 16:53:00','I'),(214,'NUEN640149', 'MEL0001LMX0B02006TUMSF0200' ,15,2,1,0,0,NULL,'emanuele.geda',221,'2013-11-27 16:53:00','I'),(215,'NUEN640158', 'MEL0001LMX0B02006TUMSF0300' ,15,2,1,0,0,NULL,'emanuele.geda',222,'2013-11-27 16:53:01','I'),(216,'NUEN640167', 'MEL0001LMX0B02006TUMSF0400' ,15,2,1,0,0,NULL,'emanuele.geda',223,'2013-11-27 16:53:01','I'),(217,'NUEN640176', 'MEL0001LMX0B02007TUMSF0100' ,15,2,1,0,0,NULL,'emanuele.geda',224,'2013-11-27 16:53:01','I'),(218,'NUEN640185', 'MEL0001LMX0B02007TUMSF0200' ,15,2,1,0,0,NULL,'emanuele.geda',225,'2013-11-27 16:53:01','I'),(219,'NUEN640194', 'MEL0001LMX0B02007TUMSF0300' ,15,2,1,0,0,NULL,'emanuele.geda',226,'2013-11-27 16:53:01','I'),(220,'NUEN640200',  'MEL0001LMX0B02008TUMSF0100' ,15,2,1,0,0,NULL,'emanuele.geda',227,'2013-11-27 16:53:02','I'),(221,'NUEN640219', 'MEL0001LMX0B02011TUMSF0100' ,15,2,1,0,0,NULL,'emanuele.geda',228,'2013-11-27 16:53:02','I'),(222,'NUEN640228', 'MEL0001LMX0B02011TUMSF0200' ,15,2,1,0,0,NULL,'emanuele.geda',229,'2013-11-27 16:53:02','I'),(223,'NUEN640237', 'MEL0001LMX0B02011TUMSF0300' ,15,2,1,0,0,NULL,'emanuele.geda',230,'2013-11-27 16:53:02','I'),(224,'NUEN640246', 'MEL0001LMX0B02011TUMSF0400' ,15,2,1,0,0,NULL,'emanuele.geda',231,'2013-11-27 16:53:02','I'),(225,'NUEN640255', 'MEL0001LMX0B02012TUMSF0100' ,15,2,1,0,0,NULL,'emanuele.geda',232,'2013-11-27 16:53:03','I'),(226,'NUEN640264', 'MEL0001LMX0B02012TUMSF0200' ,15,2,1,0,0,NULL,'emanuele.geda',233,'2013-11-27 16:53:03','I'),(227,'NUEN640273', 'MEL0001LMX0B02012TUMSF0300' ,15,2,1,0,0,NULL,'emanuele.geda',234,'2013-11-27 16:53:03','I'),(228,'NUEN640282', 'MEL0001LMX0B02012TUMSF0400' ,15,2,1,0,0,NULL,'emanuele.geda',235,'2013-11-27 16:53:03','I'),(229,'NUEN640291', 'MEL0001LMX0B02014TUMSF0100' ,15,2,1,0,0,NULL,'emanuele.geda',236,'2013-11-27 16:53:03','I'),(230,'NUEN640307', 'MEL0001LMX0B02014TUMSF0200' ,15,2,1,0,0,NULL,'emanuele.geda',237,'2013-11-27 16:53:04','I'),(231,'NUEN640316', 'MEL0001LMX0B02014TUMSF0300' ,15,2,1,0,0,NULL,'emanuele.geda',238,'2013-11-27 16:53:04','I'),(232,'NUEN640325', 'MEL0001LMX0B02014TUMSF0400' ,15,2,1,0,0,NULL,'emanuele.geda',239,'2013-11-27 16:53:04','I'),(233,'NUEN640334', 'MEL0001LMX0B02017TUMSF0100' ,15,2,1,0,0,NULL,'emanuele.geda',240,'2013-11-27 16:53:04','I'),(234,'NUEN640343', 'MEL0001LMX0B02018TUMSF0100' ,15,2,1,0,0,NULL,'emanuele.geda',241,'2013-11-27 16:53:04','I'),(235,'NUEN640352', 'MEL0001LMX0B02018TUMSF0200' ,15,2,1,0,0,NULL,'emanuele.geda',242,'2013-11-27 16:53:05','I'),(236,'NUEN640361', 'MEL0001LMX0B02018TUMSF0300' ,15,2,1,0,0,NULL,'emanuele.geda',243,'2013-11-27 16:53:05','I'),(237,'NUEN640370', 'MEL0001LMX0B02018TUMSF0400' ,15,2,1,0,0,NULL,'emanuele.geda',244,'2013-11-27 16:53:05','I'),(238,'NUEN640389', 'MEL0001LMX0B02019TUMSF0100' ,15,2,1,0,0,NULL,'emanuele.geda',245,'2013-11-27 16:53:05','I'),(239,'NUEN640398', 'MEL0001LMX0B02019TUMSF0200' ,15,2,1,0,0,NULL,'emanuele.geda',246,'2013-11-27 16:53:05','I'),(240,'NUEN640404', 'MEL0001LMX0B02019TUMSF0300' ,15,2,1,0,0,NULL,'emanuele.geda',247,'2013-11-27 16:53:06','I'),(241,'NUEN640413', 'MEL0001LMX0B02019TUMSF0400' ,15,2,1,0,0,NULL,'emanuele.geda',248,'2013-11-27 16:53:06','I'),(242,'NUEN640422', 'MEL0001LMX0B02020TUMSF0100' ,15,2,1,0,0,NULL,'emanuele.geda',249,'2013-11-27 16:53:06','I'),(243,'NUEN640431', 'MEL0001LMX0B02020TUMSF0200' ,15,2,1,0,0,NULL,'emanuele.geda',250,'2013-11-27 16:53:06','I'),(244,'NUEN640440', 'MEL0001LMX0B02020TUMSF0300' ,15,2,1,0,0,NULL,'emanuele.geda',251,'2013-11-27 16:53:06','I'),(245,'NUEN640459', 'MEL0001LMX0B02020TUMSF0400' ,15,2,1,0,0,NULL,'emanuele.geda',252,'2013-11-27 16:53:07','I'),(246,'NUEN640468', 'MEL0001LMX0B02021TUMSF0100' ,15,2,1,0,0,NULL,'emanuele.geda',253,'2013-11-27 16:53:07','I'),(247,'NUEN640477', 'MEL0001LMX0B02021TUMSF0200' ,15,2,1,0,0,NULL,'emanuele.geda',254,'2013-11-27 16:53:07','I'),(248,'NUEN640486', 'MEL0001LMX0B02022TUMSF0100' ,15,2,1,0,0,NULL,'emanuele.geda',255,'2013-11-27 16:53:07','I'),(249,'NUEN640495', 'MEL0001LMX0B02022TUMSF0200' ,15,2,1,0,0,NULL,'emanuele.geda',256,'2013-11-27 16:53:08','I'),(250,'NUEN640501', 'MEL0001LMX0B02022TUMSF0300' ,15,2,1,0,0,NULL,'emanuele.geda',257,'2013-11-27 16:53:08','I'),(251,'NUEN640510', 'MEL0001LMX0B02022TUMSF0400' ,15,2,1,0,0,NULL,'emanuele.geda',258,'2013-11-27 16:53:08','I'),(252,'NUEN640529', 'MEL0001LMX0B02023TUMSF0100' ,15,2,1,0,0,NULL,'emanuele.geda',259,'2013-11-27 16:53:08','I'),(253,'NUEN640538', 'MEL0001LMX0B02023TUMSF0200' ,15,2,1,0,0,NULL,'emanuele.geda',260,'2013-11-27 16:53:08','I'),(254,'NUEN640547', 'MEL0001LMX0B02023TUMSF0300' ,15,2,1,0,0,NULL,'emanuele.geda',261,'2013-11-27 16:53:09','I'),(255,'NUEN640556', 'MEL0001LMX0B02023TUMSF0400' ,15,2,1,0,0,NULL,'emanuele.geda',262,'2013-11-27 16:53:09','I'),(256,'NUEN640565', 'MEL0001LMX0B02024TUMSF0100' ,15,2,1,0,0,NULL,'emanuele.geda',263,'2013-11-27 16:53:09','I'),(257,'NUEN640574', 'MEL0001LMX0B02024TUMSF0200' ,15,2,1,0,0,NULL,'emanuele.geda',264,'2013-11-27 16:53:09','I'),(258,'NUEN640583', 'MEL0001LMX0B02024TUMSF0300' ,15,2,1,0,0,NULL,'emanuele.geda',265,'2013-11-27 16:53:09','I'),(259,'NUEN640592', 'MEL0001LMX0B02024TUMSF0400' ,15,2,1,0,0,NULL,'emanuele.geda',266,'2013-11-27 16:53:10','I'),(260,'NUEN640608', 'MEL0001LMX0B02026TUMSF0100' ,15,2,1,0,0,NULL,'emanuele.geda',267,'2013-11-27 16:53:10','I'),(261,'NUEN640617', 'MEL0001LMX0B02027TUMSF0100' ,15,2,1,0,0,NULL,'emanuele.geda',268,'2013-11-27 16:53:10','I'),(262,'NUEN640626', 'MEL0001LMX0B02027TUMSF0200' ,15,2,1,0,0,NULL,'emanuele.geda',269,'2013-11-27 16:53:10','I'),(263,'NUEN640635', 'MEL0001LMX0B02027TUMSF0300' ,15,2,1,0,0,NULL,'emanuele.geda',270,'2013-11-27 16:53:10','I'),(264,'NUEN640644', 'MEL0001LMX0B02027TUMSF0400' ,15,2,1,0,0,NULL,'emanuele.geda',271,'2013-11-27 16:53:11','I'),(265,'NUEN640653', 'MEL0001LMX0B02029TUMSF0100' ,15,2,1,0,0,NULL,'emanuele.geda',272,'2013-11-27 16:53:11','I'),(266,'NUEN640662', 'MEL0001LMX0B02029TUMSF0200' ,15,2,1,0,0,NULL,'emanuele.geda',273,'2013-11-27 16:53:11','I'),(267,'NUEN640671', 'MEL0001LMX0B02029TUMSF0300' ,15,2,1,0,0,NULL,'emanuele.geda',274,'2013-11-27 16:53:11','I'),(268,'NUEN640680', 'MEL0001LMX0B02029TUMSF0400' ,15,2,1,0,0,NULL,'emanuele.geda',275,'2013-11-27 16:53:11','I'),(269,'NUEN640699', 'MEL0001LMX0B02033TUMSF0100' ,15,2,1,0,0,NULL,'emanuele.geda',276,'2013-11-27 16:53:12','I'),(270,'NUEN640705', 'MEL0001LMX0B02033TUMSF0200' ,15,2,1,0,0,NULL,'emanuele.geda',277,'2013-11-27 16:53:12','I'),(271,'NUEN640714', 'MEL0001LMX0B02033TUMSF0300' ,15,2,1,0,0,NULL,'emanuele.geda',278,'2013-11-27 16:53:12','I'),(272,'NUEN640723', 'MEL0001LMX0B02033TUMSF0400' ,15,2,1,0,0,NULL,'emanuele.geda',279,'2013-11-27 16:53:12','I');

/*!40000 ALTER TABLE `aliquot_audit` ENABLE KEYS */;
UNLOCK TABLES;
/*!50003 SET @saved_cs_client      = @@character_set_client */ ;
/*!50003 SET @saved_cs_results     = @@character_set_results */ ;
/*!50003 SET @saved_col_connection = @@collation_connection */ ;
/*!50003 SET character_set_client  = utf8 */ ;
/*!50003 SET character_set_results = utf8 */ ;
/*!50003 SET collation_connection  = utf8_general_ci */ ;
/*!50003 SET @saved_sql_mode       = @@sql_mode */ ;
/*!50003 SET sql_mode              = 'NO_AUTO_VALUE_ON_ZERO' */ ;
DELIMITER ;;
CREATE TRIGGER `audit_aliquot` BEFORE INSERT ON `aliquot_audit` FOR EACH ROW begin
if new._audit_change_type= 'I' then
select id into @aliq_id
from aliquot
where aliquot.uniqueGenealogyID= new.uniqueGenealogyID;
set new.id=@aliq_id;
END if;
END ;;
DELIMITER ;
/*!50003 SET sql_mode              = @saved_sql_mode */ ;
/*!50003 SET character_set_client  = @saved_cs_client */ ;
/*!50003 SET character_set_results = @saved_cs_results */ ;
/*!50003 SET collation_connection  = @saved_col_connection */ ;

--
-- Table structure for table `aliquot_wg`
--

DROP TABLE IF EXISTS `aliquot_wg`;
/*!40101 SET @saved_cs_client     = @@character_set_client */;
/*!40101 SET character_set_client = utf8 */;
CREATE TABLE `aliquot_wg` (
  `id` int(11) NOT NULL AUTO_INCREMENT,
  `id_aliquot` int(11) DEFAULT NULL,
  `WG_id` int(11) DEFAULT NULL,
  PRIMARY KEY (`id`),
  KEY `fk_aliquot_wg_aliquot` (`id_aliquot`),
  KEY `fk_aliquot_wg_wg` (`WG_id`),
  CONSTRAINT `fk_aliquot_wg_aliquot` FOREIGN KEY (`id_aliquot`) REFERENCES `aliquot` (`id`),
  CONSTRAINT `fk_aliquot_wg_wg` FOREIGN KEY (`WG_id`) REFERENCES `tissue_wg` (`id`)
) ENGINE=InnoDB AUTO_INCREMENT=305 DEFAULT CHARSET=latin1;
/*!40101 SET character_set_client = @saved_cs_client */;

--
-- Dumping data for table `aliquot_wg`
--

LOCK TABLES `aliquot_wg` WRITE;
/*!40000 ALTER TABLE `aliquot_wg` DISABLE KEYS */;
INSERT INTO aliquot_wg (id_aliquot,WG_id) VALUES (1,1),(2,1),(3,1),(4,1),(5,1),(6,1),(7,1),(8,1),(11,1),(12,1),(13,1),(14,1),(15,1),(16,1),(17,1),(18,1),(19,1),(20,1),(21,1),(22,1),(23,1),(24,1),(25,1),(26,1),(27,1),(28,1),(29,1),(30,1),(31,1),(32,1),(33,1),(34,1),(35,1),(36,1),(37,1),(38,1),(39,1),(40,1),(42,1),(43,1),(44,1),(45,1),(46,1),(47,1),(48,1),(49,1),(50,1),(51,1),(52,1),(53,1),(54,1),(55,1),(56,1),(57,1),(58,1),(59,1),(60,1),(61,1),(62,1),(63,1),(64,1),(65,1),(66,1),(67,1),(68,1),(69,1),(70,1),(71,1),(72,1),(73,1),(74,1),(75,1),(76,1),(77,1),(78,1),(79,1),(80,1),(81,1),(82,1),(83,1),(84,1),(85,1),(86,1),(87,1),(88,1),(90,1),(91,1),(92,1),(93,1),(94,1),(95,1),(96,1),(97,1),(98,1),(99,1),(100,1),(101,1),(102,1),(103,1),(104,1),(105,1),(106,1),(107,1),(108,1),(109,1),(110,1),(111,1),(112,1),(113,1),(114,1),(115,1),(116,1),(117,1),(118,1),(119,1),(120,1),(121,1),(122,1),(123,1),(124,1),(125,1),(126,1),(127,1),(128,1),(129,1),(130,1),(131,1),(132,1),(133,1),(134,1),(135,1),(136,1),(137,1),(138,1),(139,1),(140,1),(141,1),(142,1),(143,1),(144,1),(145,1),(146,1),(147,1),(148,1),(149,1),(150,1),(151,1),(152,1),(153,1),(154,1),(155,1),(156,1),(157,1),(158,1),(159,1),(160,1),(161,1),(162,1),(163,1),(164,1),(165,1),(166,1),(167,1),(168,1),(169,1),(170,1),(171,1),(172,1),(173,1),(174,1),(175,1),(176,1),(177,1),(178,1),(179,1),(180,1),(181,1),(182,1),(183,1),(184,1),(185,1),(186,1),(187,1),(188,1),(189,1),(190,1),(191,1),(192,1),(193,1),(194,1),(195,1),(196,1),(197,1),(198,1),(199,1),(200,1),(201,1),(202,1),(203,1),(204,1),(205,1),(206,1),(207,1),(208,1),(209,1),(210,1),(211,1),(212,1),(213,1),(214,1),(215,1),(216,1),(217,1),(218,1),(219,1),(220,1),(221,1),(222,1),(223,1),(224,1),(225,1),(226,1),(227,1),(228,1),(229,1),(230,1),(231,1),(232,1),(233,1),(234,1),(235,1),(236,1),(237,1),(238,1),(239,1),(240,1),(241,1),(242,1),(243,1),(244,1),(245,1),(246,1),(247,1),(248,1),(249,1),(250,1),(251,1),(252,1),(253,1),(254,1),(255,1),(256,1),(257,1),(258,1),(259,1),(260,1),(261,1),(262,1),(263,1),(264,1),(265,1),(266,1),(267,1),(268,1),(269,1),(270,1),(271,1),(272,1),(273,1),(274,1),(275,1),(276,1),(277,1),(278,1),(279,1),(280,1),(281,1),(282,1),(283,1),(284,1),(285,1),(286,1),(287,1),(288,1),(289,1),(290,1),(291,1),(292,1),(293,1),(294,1),(295,1),(296,1),(297,1),(298,1),(299,1),(300,1),(301,1),(302,1);
/*!40000 ALTER TABLE `aliquot_wg` ENABLE KEYS */;
UNLOCK TABLES;

--
-- Table structure for table `aliquotderivationschedule`
--

DROP TABLE IF EXISTS `aliquotderivationschedule`;
/*!40101 SET @saved_cs_client     = @@character_set_client */;
/*!40101 SET character_set_client = utf8 */;
CREATE TABLE `aliquotderivationschedule` (
  `id` int(11) NOT NULL AUTO_INCREMENT,
  `idAliquot` int(11) NOT NULL,
  `idDerivationSchedule` int(11) NOT NULL,
  `idDerivedAliquotType` int(11) NOT NULL,
  `idDerivationProtocol` int(11) DEFAULT NULL,
  `idKit` int(11) DEFAULT NULL,
  `derivationExecuted` tinyint(1) NOT NULL,
  `operator` varchar(45) NOT NULL,
  `loadQuantity` double DEFAULT NULL,
  `volumeOutcome` double DEFAULT NULL,
  `failed` tinyint(1) DEFAULT NULL,
  `initialDate` date DEFAULT NULL,
  `measurementExecuted` tinyint(1) DEFAULT NULL,
  `aliquotExhausted` tinyint(1) DEFAULT NULL,
  `deleteTimestamp` datetime DEFAULT NULL,
  `deleteOperator` int(11) DEFAULT NULL,
  `validationTimestamp` datetime DEFAULT NULL,
  `notes` varchar(150) DEFAULT NULL,
  PRIMARY KEY (`id`),
  KEY `fk_AliquotsDerivationSchedule_Aliquots1` (`idAliquot`),
  KEY `fk_AliquotsDerivationSchedule_DerivationSchedule1` (`idDerivationSchedule`),
  KEY `fk_AliquotDerivationSchedule_DerivationProtocol1` (`idDerivationProtocol`),
  KEY `fk_AliquotDerivationSchedule_Kit1` (`idKit`),
  KEY `fk_AliquotsDerivationSchedule_AliquotType1` (`idDerivedAliquotType`),
  KEY `fk_aliquotderivationschedule_1` (`deleteOperator`),
  CONSTRAINT `fk_aliquotderivationschedule_1` FOREIGN KEY (`deleteOperator`) REFERENCES `auth_user` (`id`) ON DELETE NO ACTION ON UPDATE NO ACTION,
  CONSTRAINT `fk_AliquotDerivationSchedule_DerivationProtocol1` FOREIGN KEY (`idDerivationProtocol`) REFERENCES `derivationprotocol` (`id`) ON DELETE NO ACTION ON UPDATE NO ACTION,
  CONSTRAINT `fk_AliquotDerivationSchedule_Kit1` FOREIGN KEY (`idKit`) REFERENCES `kit` (`id`) ON DELETE NO ACTION ON UPDATE NO ACTION,
  CONSTRAINT `fk_AliquotsDerivationSchedule_Aliquots1` FOREIGN KEY (`idAliquot`) REFERENCES `aliquot` (`id`) ON DELETE NO ACTION ON UPDATE NO ACTION,
  CONSTRAINT `fk_AliquotsDerivationSchedule_AliquotType1` FOREIGN KEY (`idDerivedAliquotType`) REFERENCES `aliquottype` (`id`) ON DELETE NO ACTION ON UPDATE NO ACTION,
  CONSTRAINT `fk_AliquotsDerivationSchedule_DerivationSchedule1` FOREIGN KEY (`idDerivationSchedule`) REFERENCES `derivationschedule` (`id`) ON DELETE NO ACTION ON UPDATE NO ACTION
) ENGINE=InnoDB AUTO_INCREMENT=6 DEFAULT CHARSET=latin1;
/*!40101 SET character_set_client = @saved_cs_client */;

--
-- Dumping data for table `aliquotderivationschedule`
--

LOCK TABLES `aliquotderivationschedule` WRITE;
/*!40000 ALTER TABLE `aliquotderivationschedule` DISABLE KEYS */;
INSERT INTO `aliquotderivationschedule` VALUES (1,3,1,7,12,3,1,'emanuele.geda',1000,140,0,'2013-11-07',1,0,NULL,NULL,NULL,NULL),(2,17,2,7,2,3,1,'emanuele.geda',50,100,0,'2013-11-14',1,0,NULL,NULL,NULL,NULL),(3,16,2,8,1,4,1,'emanuele.geda',20,30,0,'2013-11-14',1,0,NULL,NULL,NULL,NULL),(4,25,2,9,4,2,1,'emanuele.geda',2,20,0,'2013-11-14',1,0,NULL,NULL,NULL,NULL),(5,25,2,10,3,1,1,'emanuele.geda',1,100,0,'2013-11-14',1,0,NULL,NULL,NULL,NULL);
/*!40000 ALTER TABLE `aliquotderivationschedule` ENABLE KEYS */;
UNLOCK TABLES;

--
-- Table structure for table `aliquotderivationschedule_audit`
--

DROP TABLE IF EXISTS `aliquotderivationschedule_audit`;
/*!40101 SET @saved_cs_client     = @@character_set_client */;
/*!40101 SET character_set_client = utf8 */;
CREATE TABLE `aliquotderivationschedule_audit` (
  `id` int(11) NOT NULL,
  `idAliquot` int(11) NOT NULL,
  `idDerivationSchedule` int(11) NOT NULL,
  `idDerivedAliquotType` int(11) NOT NULL,
  `idDerivationProtocol` int(11) DEFAULT NULL,
  `idKit` int(11) DEFAULT NULL,
  `derivationExecuted` tinyint(1) NOT NULL,
  `operator` varchar(45) NOT NULL,
  `loadQuantity` double DEFAULT NULL,
  `volumeOutcome` double DEFAULT NULL,
  `failed` tinyint(1) DEFAULT NULL,
  `initialDate` date DEFAULT NULL,
  `measurementExecuted` tinyint(1) DEFAULT NULL,
  `aliquotExhausted` tinyint(1) DEFAULT NULL,
  `deleteTimestamp` datetime DEFAULT NULL,
  `deleteOperator` int(11) DEFAULT NULL,
  `validationTimestamp` datetime DEFAULT NULL,
  `notes` varchar(150) DEFAULT NULL,
  `username` varchar(30) NOT NULL,
  `_audit_id` int(11) NOT NULL AUTO_INCREMENT,
  `_audit_timestamp` datetime NOT NULL,
  `_audit_change_type` varchar(1) NOT NULL,
  PRIMARY KEY (`_audit_id`)
) ENGINE=InnoDB AUTO_INCREMENT=34 DEFAULT CHARSET=latin1;
/*!40101 SET character_set_client = @saved_cs_client */;

--
-- Dumping data for table `aliquotderivationschedule_audit`
--

LOCK TABLES `aliquotderivationschedule_audit` WRITE;
/*!40000 ALTER TABLE `aliquotderivationschedule_audit` DISABLE KEYS */;
INSERT INTO `aliquotderivationschedule_audit` VALUES (1,3,1,7,NULL,NULL,0,'emanuele.geda',NULL,NULL,0,NULL,0,0,NULL,NULL,NULL,NULL,'emanuele.geda',1,'2013-11-07 11:40:13','I'),(1,3,1,7,12,NULL,0,'emanuele.geda',NULL,NULL,0,NULL,0,0,NULL,NULL,NULL,NULL,'emanuele.geda',2,'2013-11-07 11:40:33','U'),(1,3,1,7,12,NULL,0,'emanuele.geda',1000,NULL,0,'2013-11-07',0,0,NULL,NULL,NULL,NULL,'emanuele.geda',3,'2013-11-07 11:41:02','U'),(1,3,1,7,12,3,0,'emanuele.geda',1000,NULL,0,'2013-11-07',0,0,NULL,NULL,NULL,NULL,'emanuele.geda',4,'2013-11-07 11:47:29','U'),(1,3,1,7,12,3,0,'emanuele.geda',1000,140,0,'2013-11-07',1,0,NULL,NULL,NULL,NULL,'emanuele.geda',5,'2013-11-07 11:49:12','U'),(1,3,1,7,12,3,1,'emanuele.geda',1000,140,0,'2013-11-07',1,0,NULL,NULL,NULL,NULL,'emanuele.geda',6,'2013-11-07 11:50:32','U'),(2,17,2,7,NULL,NULL,0,'emanuele.geda',NULL,NULL,0,NULL,0,0,NULL,NULL,NULL,NULL,'emanuele.geda',7,'2013-11-14 09:35:40','I'),(2,17,2,7,2,NULL,0,'emanuele.geda',NULL,NULL,0,NULL,0,0,NULL,NULL,NULL,NULL,'emanuele.geda',8,'2013-11-14 09:35:51','U'),(2,17,2,7,2,NULL,0,'emanuele.geda',50,NULL,0,'2013-11-14',0,0,NULL,NULL,NULL,NULL,'emanuele.geda',9,'2013-11-14 09:36:01','U'),(2,17,2,7,2,3,0,'emanuele.geda',50,NULL,0,'2013-11-14',0,0,NULL,NULL,NULL,NULL,'emanuele.geda',10,'2013-11-14 09:38:08','U'),(2,17,2,7,2,3,0,'emanuele.geda',50,100,0,'2013-11-14',1,0,NULL,NULL,NULL,NULL,'emanuele.geda',11,'2013-11-14 09:38:31','U'),(2,17,2,7,2,3,1,'emanuele.geda',50,100,0,'2013-11-14',1,0,NULL,NULL,NULL,NULL,'emanuele.geda',12,'2013-11-14 09:38:54','U'),(3,16,2,8,NULL,NULL,0,'emanuele.geda',NULL,NULL,0,NULL,0,0,NULL,NULL,NULL,NULL,'emanuele.geda',13,'2013-11-14 09:41:04','I'),(3,16,2,8,1,NULL,0,'emanuele.geda',NULL,NULL,0,NULL,0,0,NULL,NULL,NULL,NULL,'emanuele.geda',14,'2013-11-14 09:41:15','U'),(3,16,2,8,1,NULL,0,'emanuele.geda',20,NULL,0,'2013-11-14',0,0,NULL,NULL,NULL,NULL,'emanuele.geda',15,'2013-11-14 09:41:25','U'),(3,16,2,8,1,4,0,'emanuele.geda',20,NULL,0,'2013-11-14',0,0,NULL,NULL,NULL,NULL,'emanuele.geda',16,'2013-11-14 09:41:31','U'),(3,16,2,8,1,4,0,'emanuele.geda',20,30,0,'2013-11-14',1,0,NULL,NULL,NULL,NULL,'emanuele.geda',17,'2013-11-14 09:41:50','U'),(3,16,2,8,1,4,1,'emanuele.geda',20,30,0,'2013-11-14',1,0,NULL,NULL,NULL,NULL,'emanuele.geda',18,'2013-11-14 09:42:08','U'),(4,25,2,9,NULL,NULL,0,'emanuele.geda',NULL,NULL,0,NULL,0,0,NULL,NULL,NULL,NULL,'emanuele.geda',19,'2013-11-14 09:44:37','I'),(4,25,2,9,4,NULL,0,'emanuele.geda',NULL,NULL,0,NULL,0,0,NULL,NULL,NULL,NULL,'emanuele.geda',20,'2013-11-14 09:44:52','U'),(4,25,2,9,4,NULL,0,'emanuele.geda',2,NULL,0,'2013-11-14',0,0,NULL,NULL,NULL,NULL,'emanuele.geda',21,'2013-11-14 09:45:07','U'),(4,25,2,9,4,3,0,'emanuele.geda',2,NULL,0,'2013-11-14',0,0,NULL,NULL,NULL,NULL,'emanuele.geda',22,'2013-11-14 09:45:15','U'),(4,25,2,9,4,3,0,'emanuele.geda',2,20,0,'2013-11-14',1,0,NULL,NULL,NULL,NULL,'emanuele.geda',23,'2013-11-14 09:45:30','U'),(4,25,2,9,4,3,1,'emanuele.geda',2,20,0,'2013-11-14',1,0,NULL,NULL,NULL,NULL,'emanuele.geda',24,'2013-11-14 09:45:55','U'),(5,25,2,10,NULL,NULL,0,'emanuele.geda',NULL,NULL,0,NULL,0,0,NULL,NULL,NULL,NULL,'emanuele.geda',25,'2013-11-14 09:49:54','I'),(5,25,2,10,3,NULL,0,'emanuele.geda',NULL,NULL,0,NULL,0,0,NULL,NULL,NULL,NULL,'emanuele.geda',26,'2013-11-14 09:50:12','U'),(5,25,2,10,3,NULL,0,'emanuele.geda',1,NULL,0,'2013-11-14',0,0,NULL,NULL,NULL,NULL,'emanuele.geda',27,'2013-11-14 09:50:22','U'),(5,25,2,10,3,4,0,'emanuele.geda',1,NULL,0,'2013-11-14',0,0,NULL,NULL,NULL,NULL,'emanuele.geda',28,'2013-11-14 09:51:07','U'),(5,25,2,10,3,4,0,'emanuele.geda',1,100,0,'2013-11-14',1,0,NULL,NULL,NULL,NULL,'emanuele.geda',29,'2013-11-14 09:51:24','U'),(5,25,2,10,3,4,1,'emanuele.geda',1,100,0,'2013-11-14',1,0,NULL,NULL,NULL,NULL,'emanuele.geda',30,'2013-11-14 09:52:10','U'),(5,25,2,10,3,1,1,'emanuele.geda',1,100,0,'2013-11-14',1,0,NULL,NULL,NULL,NULL,'emanuele.geda',31,'2013-11-21 11:15:14','U'),(4,25,2,9,4,2,1,'emanuele.geda',2,20,0,'2013-11-14',1,0,NULL,NULL,NULL,NULL,'emanuele.geda',32,'2013-11-21 11:15:24','U'),(3,16,2,8,1,4,1,'emanuele.geda',20,30,0,'2013-11-14',1,0,NULL,NULL,NULL,NULL,'emanuele.geda',33,'2013-11-21 11:15:38','U');
/*!40000 ALTER TABLE `aliquotderivationschedule_audit` ENABLE KEYS */;
UNLOCK TABLES;
/*!50003 SET @saved_cs_client      = @@character_set_client */ ;
/*!50003 SET @saved_cs_results     = @@character_set_results */ ;
/*!50003 SET @saved_col_connection = @@collation_connection */ ;
/*!50003 SET character_set_client  = utf8 */ ;
/*!50003 SET character_set_results = utf8 */ ;
/*!50003 SET collation_connection  = utf8_general_ci */ ;
/*!50003 SET @saved_sql_mode       = @@sql_mode */ ;
/*!50003 SET sql_mode              = '' */ ;
DELIMITER ;;
CREATE trigger audit_derivation
before insert on aliquotderivationschedule_audit
for each row
begin
if new._audit_change_type= 'I' then
select id into @id
from aliquotderivationschedule
where aliquotderivationschedule.idAliquot= new.idAliquot and aliquotderivationschedule.idDerivationSchedule=new.idDerivationSchedule and aliquotderivationschedule.idDerivedAliquotType=new.idDerivedAliquotType and derivationExecuted=0 and deleteTimestamp is null;
set new.id=@id;
END if;
END ;;
DELIMITER ;
/*!50003 SET sql_mode              = @saved_sql_mode */ ;
/*!50003 SET character_set_client  = @saved_cs_client */ ;
/*!50003 SET character_set_results = @saved_cs_results */ ;
/*!50003 SET collation_connection  = @saved_col_connection */ ;

--
-- Table structure for table `aliquotexperiment`
--

DROP TABLE IF EXISTS `aliquotexperiment`;
/*!40101 SET @saved_cs_client     = @@character_set_client */;
/*!40101 SET character_set_client = utf8 */;
CREATE TABLE `aliquotexperiment` (
  `id` int(11) NOT NULL AUTO_INCREMENT,
  `idAliquot` int(11) NOT NULL,
  `idExperiment` int(11) NOT NULL,
  `idExperimentSchedule` int(11) DEFAULT NULL,
  `takenValue` double NOT NULL,
  `remainingValue` double NOT NULL,
  `operator` varchar(45) NOT NULL,
  `experimentDate` date NOT NULL,
  `aliquotExhausted` tinyint(1) DEFAULT NULL,
  `confirmed` tinyint(1) NOT NULL,
  `notes` varchar(150) DEFAULT NULL,
  `deleteTimestamp` datetime DEFAULT NULL,
  `deleteOperator` int(11) DEFAULT NULL,
  PRIMARY KEY (`id`),
  KEY `fk_AliquotExperiment_Aliquot` (`idAliquot`),
  KEY `fk_AliquotExperiment_Experiment` (`idExperiment`),
  KEY `fk_aliquotexperiment_1` (`idExperimentSchedule`),
  KEY `fk_aliquotexperiment_2` (`deleteOperator`),
  CONSTRAINT `fk_aliquotexperiment_1` FOREIGN KEY (`idExperimentSchedule`) REFERENCES `experimentschedule` (`id`) ON DELETE NO ACTION ON UPDATE NO ACTION,
  CONSTRAINT `fk_aliquotexperiment_2` FOREIGN KEY (`deleteOperator`) REFERENCES `auth_user` (`id`) ON DELETE NO ACTION ON UPDATE NO ACTION,
  CONSTRAINT `fk_AliquotExperiment_Aliquot` FOREIGN KEY (`idAliquot`) REFERENCES `aliquot` (`id`) ON DELETE NO ACTION ON UPDATE NO ACTION,
  CONSTRAINT `fk_AliquotExperiment_Experiment` FOREIGN KEY (`idExperiment`) REFERENCES `experiment` (`id`) ON DELETE NO ACTION ON UPDATE NO ACTION
) ENGINE=InnoDB AUTO_INCREMENT=26 DEFAULT CHARSET=latin1;
/*!40101 SET character_set_client = @saved_cs_client */;

--
-- Dumping data for table `aliquotexperiment`
--

LOCK TABLES `aliquotexperiment` WRITE;
/*!40000 ALTER TABLE `aliquotexperiment` DISABLE KEYS */;
insert into aliquotexperiment values (1,273,6,1,'-1','-1','emanuele.geda','2013-03-13',0,1,'',null,null),(2,274,6,1,'-1','-1','emanuele.geda','2013-03-13',0,1,'',null,null),(3,275,6,1,'-1','-1','emanuele.geda','2013-03-13',0,1,'',null,null),(4,276,6,1,'-1','-1','emanuele.geda','2013-03-13',0,1,'',null,null),(5,277,6,1,'-1','-1','emanuele.geda','2013-03-13',0,1,'',null,null),(6,278,6,1,'-1','-1','emanuele.geda','2013-03-13',0,1,'',null,null),(7,279,6,1,'-1','-1','emanuele.geda','2013-03-13',0,1,'',null,null),(8,280,6,1,'-1','-1','emanuele.geda','2013-03-13',0,1,'',null,null),(9,281,6,1,'-1','-1','emanuele.geda','2013-03-13',0,1,'',null,null),(10,282,6,1,'-1','-1','emanuele.geda','2013-03-13',0,1,'',null,null),(11,283,6,1,'-1','-1','emanuele.geda','2013-03-13',0,1,'',null,null),(12,284,6,1,'-1','-1','emanuele.geda','2013-03-13',0,1,'',null,null),(13,285,6,1,'-1','-1','emanuele.geda','2013-03-13',0,1,'',null,null),(14,286,6,1,'-1','-1','emanuele.geda','2013-03-13',0,1,'',null,null),(15,287,6,1,'-1','-1','emanuele.geda','2013-03-13',0,1,'',null,null),(16,288,6,1,'-1','-1','emanuele.geda','2013-03-13',0,1,'',null,null),(17,289,6,1,'-1','-1','emanuele.geda','2013-03-13',0,1,'',null,null),(18,290,6,1,'-1','-1','emanuele.geda','2013-03-13',0,1,'',null,null),(19,291,6,1,'-1','-1','emanuele.geda','2013-03-13',0,1,'',null,null),(20,292,6,1,'-1','-1','emanuele.geda','2013-03-13',0,1,'',null,null),(21,293,6,1,'-1','-1','emanuele.geda','2013-03-13',0,1,'',null,null),(22,294,6,1,'-1','-1','emanuele.geda','2013-03-13',0,1,'',null,null),(23,295,6,1,'-1','-1','emanuele.geda','2013-03-13',0,1,'',null,null),(24,296,6,1,'-1','-1','emanuele.geda','2013-03-13',0,1,'',null,null);
/*!40000 ALTER TABLE `aliquotexperiment` ENABLE KEYS */;
UNLOCK TABLES;

--
-- Table structure for table `aliquotfeature`
--

DROP TABLE IF EXISTS `aliquotfeature`;
/*!40101 SET @saved_cs_client     = @@character_set_client */;
/*!40101 SET character_set_client = utf8 */;
CREATE TABLE `aliquotfeature` (
  `id` int(11) NOT NULL AUTO_INCREMENT,
  `idAliquot` int(11) NOT NULL,
  `idFeature` int(11) NOT NULL,
  `value` double NOT NULL,
  PRIMARY KEY (`id`),
  KEY `fk_AliquotsFeature_Feature1` (`idFeature`),
  KEY `fk_AliquotsFeature_Aliquots1` (`idAliquot`),
  CONSTRAINT `fk_AliquotsFeature_Aliquots1` FOREIGN KEY (`idAliquot`) REFERENCES `aliquot` (`id`) ON DELETE NO ACTION ON UPDATE NO ACTION,
  CONSTRAINT `fk_AliquotsFeature_Feature1` FOREIGN KEY (`idFeature`) REFERENCES `feature` (`id`) ON DELETE NO ACTION ON UPDATE NO ACTION
) ENGINE=InnoDB AUTO_INCREMENT=456 DEFAULT CHARSET=latin1;
/*!40101 SET character_set_client = @saved_cs_client */;

--
-- Dumping data for table `aliquotfeature`
--

LOCK TABLES `aliquotfeature` WRITE;
/*!40000 ALTER TABLE `aliquotfeature` DISABLE KEYS */;
INSERT INTO `aliquotfeature` VALUES (1,1,1,3),(2,2,25,3000),(3,3,25,2000),(4,4,8,136.22),(5,4,10,136.22),(6,4,7,455),(7,4,9,455),(8,5,28,5000),(9,6,28,5000),(10,7,25,2000),(11,8,25,2000),(14,11,1,1),(15,12,1,1),(16,13,1,1),(17,14,4,1),(18,15,4,1),(19,16,3,1),(20,17,3,1),(21,18,2,1),(22,19,2,1),(23,20,8,10),(24,20,10,10),(25,20,7,100),(26,20,9,100),(27,21,8,10),(28,21,10,10),(29,21,7,100),(30,21,9,100),(31,22,8,10),(32,22,10,10),(33,22,7,100),(34,22,9,100),(35,23,8,10),(36,23,10,10),(37,23,7,100),(38,23,9,100),(39,24,8,90.76),(40,24,10,90.76),(41,24,7,534),(42,24,9,534),(43,25,12,7),(44,25,14,10),(45,25,11,500),(46,25,13,500),(47,26,12,10),(48,26,14,10),(49,26,11,500),(50,26,13,500),(51,27,12,10),(52,27,14,10),(53,27,11,500),(54,27,13,500),(55,28,12,10),(56,28,14,10),(57,28,11,500),(58,28,13,500),(59,29,12,23.88),(60,29,14,23.88),(61,29,11,5344),(62,29,13,5344),(63,30,16,10),(64,30,18,10),(65,30,15,300),(66,30,17,300),(67,31,16,10),(68,31,18,10),(69,31,15,300),(70,31,17,300),(71,32,16,10),(72,32,18,10),(73,32,15,300),(74,32,17,300),(75,33,16,10),(76,33,18,10),(77,33,15,300),(78,33,17,300),(79,34,16,17.5),(80,34,18,17.5),(81,34,15,8795),(82,34,17,8795),(83,35,20,15),(84,35,22,15),(85,35,19,150),(86,35,21,150),(87,36,20,15),(88,36,22,15),(89,36,19,150),(90,36,21,150),(91,37,20,15),(92,37,22,15),(93,37,19,150),(94,37,21,150),(95,38,20,15),(96,38,22,15),(97,38,19,150),(98,38,21,150),(99,39,20,95.71),(100,39,22,95.71),(101,39,19,4322),(102,39,21,4322),(103,40,1,4),(104,41,4,1),(105,42,1,2),(106,43,1,5),(107,44,1,3),(108,45,2,2),(109,46,2,1),(110,47,5,1),(111,48,1,1),(112,49,1,1),(113,50,1,1),(114,51,1,1),(115,52,1,1),(116,53,1,1),(117,54,1,1),(118,55,1,1),(119,56,1,1),(120,57,1,1),(121,58,1,1),(122,59,1,1),(123,60,1,1),(124,61,1,1),(125,62,1,1),(126,63,1,1),(127,64,1,1),(128,65,1,1),(129,66,1,1),(130,67,1,1),(131,68,1,1),(132,69,1,1),(133,70,1,1),(134,71,1,1),(135,72,1,1),(136,73,1,1),(137,74,1,1),(138,75,1,1),(139,76,1,1),(140,77,1,1),(141,78,1,1),(142,79,1,1),(143,80,1,1),(144,81,1,1),(145,82,1,1),(146,83,1,1),(147,84,1,1),(148,85,1,1),(149,86,1,1),(150,87,1,1),(151,88,1,1),(152,89,1,1),(153,90,4,1),(154,91,4,1),(155,92,4,1),(156,93,4,1),(157,94,4,1),(158,95,4,1),(159,96,4,1),(160,97,4,1),(161,98,4,1),(162,99,4,1),(163,100,4,1),(164,101,4,1),(165,102,4,1),(166,103,4,1),(167,104,4,1),(168,105,4,1),(169,106,4,1),(170,107,4,1),(171,108,4,1),(172,109,4,1),(173,110,4,1),(174,111,4,1),(175,112,4,1),(176,113,3,1),(177,114,3,1),(178,115,3,1),(179,116,3,1),(180,117,3,1),(181,118,3,1),(182,119,3,1),(183,120,3,1),(184,121,3,1),(185,122,3,1),(186,123,3,1),(187,124,3,1),(188,125,3,1),(189,126,3,1),(190,127,3,1),(191,128,3,1),(192,129,3,1),(193,130,3,1),(194,131,3,1),(195,132,3,1),(196,133,3,1),(197,134,3,1),(198,135,3,1),(199,136,3,1),(200,137,3,1),(201,138,3,1),(202,139,3,1),(203,140,3,1),(204,141,3,1),(205,142,3,1),(206,143,3,1),(207,144,3,1),(208,145,3,1),(209,146,3,1),(210,147,3,1),(211,148,3,1),(212,149,3,1),(213,150,3,1),(214,151,3,1),(215,152,3,1),(216,153,3,1),(217,154,3,1),(218,155,3,1),(219,156,3,1),(220,157,3,1),(221,158,3,1),(222,159,3,1),(223,160,3,1),(224,161,3,1),(225,162,3,1),(226,163,3,1),(227,164,3,1),(228,165,3,1),(229,166,3,1),(230,167,3,1),(231,168,3,1),(232,169,3,1),(233,170,3,1),(234,171,3,1),(235,172,3,1),(236,173,3,1),(237,174,3,1),(238,175,3,1),(239,176,3,1),(240,177,3,1),(241,178,3,1),(242,179,3,1),(243,180,3,1),(244,181,3,1),(245,182,3,1),(246,183,3,1),(247,184,3,1),(248,185,3,1),(249,186,3,1),(250,187,3,1),(251,188,3,1),(252,189,3,1),(253,190,3,1),(254,191,3,1),(255,192,3,1),(256,193,2,1),(257,194,2,1),(258,195,2,1),(259,196,2,1),(260,197,2,1),(261,198,2,1),(262,199,2,1),(263,200,2,1),(264,201,2,1),(265,202,2,1),(266,203,2,1),(267,204,2,1),(268,205,2,1),(269,206,2,1),(270,207,2,1),(271,208,2,1),(272,209,2,1),(273,210,2,1),(274,211,2,1),(275,212,2,1),(276,213,2,1),(277,214,2,1),(278,215,2,1),(279,216,2,1),(280,217,2,1),(281,218,2,1),(282,219,2,1),(283,220,2,1),(284,221,2,1),(285,222,2,1),(286,223,2,1),(287,224,2,1),(288,225,2,1),(289,226,2,1),(290,227,2,1),(291,228,2,1),(292,229,2,1),(293,230,2,1),(294,231,2,1),(295,232,2,1),(296,233,2,1),(297,234,2,1),(298,235,2,1),(299,236,2,1),(300,237,2,1),(301,238,2,1),(302,239,2,1),(303,240,2,1),(304,241,2,1),(305,242,2,1),(306,243,2,1),(307,244,2,1),(308,245,2,1),(309,246,2,1),(310,247,2,1),(311,248,2,1),(312,249,2,1),(313,250,2,1),(314,251,2,1),(315,252,2,1),(316,253,2,1),(317,254,2,1),(318,255,2,1),(319,256,2,1),(320,257,2,1),(321,258,2,1),(322,259,2,1),(323,260,2,1),(324,261,2,1),(325,262,2,1),(326,263,2,1),(327,264,2,1),(328,265,2,1),(329,266,2,1),(330,267,2,1),(331,268,2,1),(332,269,2,1),(333,270,2,1),(334,271,2,1),(335,272,2,1),(455,273,20,55),(336,273,22,55),(337,273,19,150),(338,273,21,150),(339,274,20,55),(340,274,22,55),(341,274,19,150),(342,274,21,150),(343,275,20,55),(344,275,22,55),(345,275,19,150),(346,275,21,150),(347,276,20,55),(348,276,22,55),(349,276,19,150),(350,276,21,150),(351,277,20,55),(352,277,22,55),(353,277,19,150),(354,277,21,150),(355,278,20,55),(356,278,22,55),(357,278,19,150),(358,278,21,150),(359,279,20,55),(360,279,22,55),(361,279,19,150),(362,279,21,150),(363,280,20,55),(364,280,22,55),(365,280,19,150),(366,280,21,150),(367,281,20,55),(368,281,22,55),(369,281,19,150),(370,281,21,150),(371,282,20,55),(372,282,22,55),(373,282,19,150),(374,282,21,150),(375,283,20,55),(376,283,22,55),(377,283,19,150),(378,283,21,150),(379,284,20,55),(380,284,22,55),(381,284,19,150),(382,284,21,150),(383,285,20,55),(384,285,22,55),(385,285,19,150),(386,285,21,150),(387,286,20,55),(388,286,22,55),(389,286,19,150),(390,286,21,150),(391,287,20,55),(392,287,22,55),(393,287,19,150),(394,287,21,150),(395,288,20,55),(396,288,22,55),(397,288,19,150),(398,288,21,150),(399,289,20,55),(400,289,22,55),(401,289,19,150),(402,289,21,150),(403,290,20,55),(404,290,22,55),(405,290,19,150),(406,290,21,150),(407,291,20,55),(408,291,22,55),(409,291,19,150),(410,291,21,150),(411,292,20,55),(412,292,22,55),(413,292,19,150),(414,292,21,150),(415,293,20,55),(416,293,22,55),(417,293,19,150),(418,293,21,150),(419,294,20,55),(420,294,22,55),(421,294,19,150),(422,294,21,150),(423,295,20,55),(424,295,22,55),(425,295,19,150),(426,295,21,150),(427,296,20,55),(428,296,22,55),(429,296,19,150),(430,296,21,150),(431,297,20,55),(432,297,22,55),(433,297,19,150),(434,297,21,150),(435,298,20,55),(436,298,22,55),(437,298,19,150),(438,298,21,150),(439,299,20,55),(440,299,22,55),(441,299,19,150),(442,299,21,150),(443,300,20,55),(444,300,22,55),(445,300,19,150),(446,300,21,150),(447,301,20,55),(448,301,22,55),(449,301,19,150),(450,301,21,150),(451,302,20,55),(452,302,22,55),(453,302,19,150),(454,302,21,150);

/*!40000 ALTER TABLE `aliquotfeature` ENABLE KEYS */;
UNLOCK TABLES;

--
-- Table structure for table `aliquotpositionschedule`
--

DROP TABLE IF EXISTS `aliquotpositionschedule`;
/*!40101 SET @saved_cs_client     = @@character_set_client */;
/*!40101 SET character_set_client = utf8 */;
CREATE TABLE `aliquotpositionschedule` (
  `id` int(11) NOT NULL AUTO_INCREMENT,
  `idAliquot` int(11) NOT NULL,
  `idPositionSchedule` int(11) NOT NULL,
  `positionExecuted` tinyint(1) NOT NULL,
  `notes` varchar(150) DEFAULT NULL,
  `deleteTimestamp` datetime DEFAULT NULL,
  `deleteOperator` int(11) DEFAULT NULL,
  PRIMARY KEY (`id`),
  KEY `fk_AliquotPositionSchedule_Aliquot1` (`idAliquot`),
  KEY `fk_AliquotPositionSchedule_PositionSchedule1` (`idPositionSchedule`),
  KEY `fk_aliquotpositionschedule_1` (`deleteOperator`),
  CONSTRAINT `fk_aliquotpositionschedule_1` FOREIGN KEY (`deleteOperator`) REFERENCES `auth_user` (`id`) ON DELETE NO ACTION ON UPDATE NO ACTION,
  CONSTRAINT `fk_AliquotPositionSchedule_Aliquot1` FOREIGN KEY (`idAliquot`) REFERENCES `aliquot` (`id`) ON DELETE NO ACTION ON UPDATE NO ACTION,
  CONSTRAINT `fk_AliquotPositionSchedule_PositionSchedule1` FOREIGN KEY (`idPositionSchedule`) REFERENCES `positionschedule` (`id`) ON DELETE NO ACTION ON UPDATE NO ACTION
) ENGINE=InnoDB DEFAULT CHARSET=latin1;
/*!40101 SET character_set_client = @saved_cs_client */;

--
-- Dumping data for table `aliquotpositionschedule`
--

LOCK TABLES `aliquotpositionschedule` WRITE;
/*!40000 ALTER TABLE `aliquotpositionschedule` DISABLE KEYS */;
/*!40000 ALTER TABLE `aliquotpositionschedule` ENABLE KEYS */;
UNLOCK TABLES;

--
-- Table structure for table `aliquotqualityschedule`
--

DROP TABLE IF EXISTS `aliquotqualityschedule`;
/*!40101 SET @saved_cs_client     = @@character_set_client */;
/*!40101 SET character_set_client = utf8 */;
CREATE TABLE `aliquotqualityschedule` (
  `id` int(11) NOT NULL AUTO_INCREMENT,
  `idAliquot` int(11) NOT NULL,
  `idQualitySchedule` int(11) NOT NULL,
  `revaluationExecuted` tinyint(1) NOT NULL,
  `deleteTimestamp` datetime DEFAULT NULL,
  `deleteOperator` int(11) DEFAULT NULL,
  PRIMARY KEY (`id`),
  KEY `fk_AliquotsDerivationSchedule_Aliquots1` (`idAliquot`),
  KEY `fk_AliquotsQualitySchedule_QualitySchedule1` (`idQualitySchedule`),
  KEY `fk_aliquotqualityschedule_1` (`deleteOperator`),
  CONSTRAINT `fk_aliquotqualityschedule_1` FOREIGN KEY (`deleteOperator`) REFERENCES `auth_user` (`id`) ON DELETE NO ACTION ON UPDATE NO ACTION,
  CONSTRAINT `fk_AliquotsDerivationSchedule_Aliquots10` FOREIGN KEY (`idAliquot`) REFERENCES `aliquot` (`id`) ON DELETE NO ACTION ON UPDATE NO ACTION,
  CONSTRAINT `fk_AliquotsQualitySchedule_QualitySchedule1` FOREIGN KEY (`idQualitySchedule`) REFERENCES `qualityschedule` (`id`) ON DELETE NO ACTION ON UPDATE NO ACTION
) ENGINE=InnoDB AUTO_INCREMENT=2 DEFAULT CHARSET=latin1;
/*!40101 SET character_set_client = @saved_cs_client */;

--
-- Dumping data for table `aliquotqualityschedule`
--

LOCK TABLES `aliquotqualityschedule` WRITE;
/*!40000 ALTER TABLE `aliquotqualityschedule` DISABLE KEYS */;
INSERT INTO `aliquotqualityschedule` VALUES (1,4,1,0,NULL,NULL);
/*!40000 ALTER TABLE `aliquotqualityschedule` ENABLE KEYS */;
UNLOCK TABLES;

--
-- Table structure for table `aliquotslideschedule`
--

DROP TABLE IF EXISTS `aliquotslideschedule`;
/*!40101 SET @saved_cs_client     = @@character_set_client */;
/*!40101 SET character_set_client = utf8 */;
CREATE TABLE `aliquotslideschedule` (
  `id` int(11) NOT NULL AUTO_INCREMENT,
  `idAliquot` int(11) NOT NULL,
  `idSlideSchedule` int(11) NOT NULL,
  `idSamplingEvent` int(11) DEFAULT NULL,
  `idSlideProtocol` int(11) DEFAULT NULL,
  `operator` int(11) DEFAULT NULL,
  `aliquotExhausted` tinyint(1) DEFAULT NULL,
  `executionDate` date DEFAULT NULL,
  `executed` tinyint(1) NOT NULL,
  `notes` varchar(150) DEFAULT NULL,
  `deleteTimestamp` datetime DEFAULT NULL,
  `deleteOperator` int(11) DEFAULT NULL,
  PRIMARY KEY (`id`),
  KEY `fk_aliquotSlideSchedule_1` (`idAliquot`),
  KEY `fk_aliquotSlideSchedule_2` (`idSlideSchedule`),
  KEY `fk_aliquotSlideSchedule_3` (`idSamplingEvent`),
  KEY `fk_aliquotSlideSchedule_4` (`idSlideProtocol`),
  CONSTRAINT `fk_aliquotSlideSchedule_1` FOREIGN KEY (`idAliquot`) REFERENCES `aliquot` (`id`) ON DELETE NO ACTION ON UPDATE NO ACTION,
  CONSTRAINT `fk_aliquotSlideSchedule_2` FOREIGN KEY (`idSlideSchedule`) REFERENCES `slideschedule` (`id`) ON DELETE NO ACTION ON UPDATE NO ACTION,
  CONSTRAINT `fk_aliquotSlideSchedule_3` FOREIGN KEY (`idSamplingEvent`) REFERENCES `samplingevent` (`id`) ON DELETE NO ACTION ON UPDATE NO ACTION,
  CONSTRAINT `fk_aliquotSlideSchedule_4` FOREIGN KEY (`idSlideProtocol`) REFERENCES `slideprotocol` (`id`) ON DELETE NO ACTION ON UPDATE NO ACTION
) ENGINE=InnoDB DEFAULT CHARSET=latin1;
/*!40101 SET character_set_client = @saved_cs_client */;

--
-- Dumping data for table `aliquotslideschedule`
--

LOCK TABLES `aliquotslideschedule` WRITE;
/*!40000 ALTER TABLE `aliquotslideschedule` DISABLE KEYS */;
/*!40000 ALTER TABLE `aliquotslideschedule` ENABLE KEYS */;
UNLOCK TABLES;

--
-- Table structure for table `aliquotsplitschedule`
--

DROP TABLE IF EXISTS `aliquotsplitschedule`;
/*!40101 SET @saved_cs_client     = @@character_set_client */;
/*!40101 SET character_set_client = utf8 */;
CREATE TABLE `aliquotsplitschedule` (
  `id` int(11) NOT NULL AUTO_INCREMENT,
  `idAliquot` int(11) NOT NULL,
  `idSplitSchedule` int(11) NOT NULL,
  `idSamplingEvent` int(11) DEFAULT NULL,
  `splitExecuted` tinyint(1) NOT NULL,
  `deleteTimestamp` datetime DEFAULT NULL,
  `deleteOperator` int(11) DEFAULT NULL,
  PRIMARY KEY (`id`),
  KEY `fk_AliquotsDerivationSchedule_Aliquots11` (`idAliquot`),
  KEY `fk_AliquotsSplitSchedule_QualitySchedule1` (`idSplitSchedule`),
  KEY `fk_SplitSchedule_SamplingEvent1` (`idSamplingEvent`),
  KEY `fk_aliquotsplitschedule_1` (`deleteOperator`),
  CONSTRAINT `fk_AliquotsDerivationSchedule_Aliquots11` FOREIGN KEY (`idAliquot`) REFERENCES `aliquot` (`id`) ON DELETE NO ACTION ON UPDATE NO ACTION,
  CONSTRAINT `fk_aliquotsplitschedule_1` FOREIGN KEY (`deleteOperator`) REFERENCES `auth_user` (`id`) ON DELETE NO ACTION ON UPDATE NO ACTION,
  CONSTRAINT `fk_AliquotsSplitSchedule_QualitySchedule1` FOREIGN KEY (`idSplitSchedule`) REFERENCES `splischedule` (`id`) ON DELETE NO ACTION ON UPDATE NO ACTION,
  CONSTRAINT `fk_SplitSchedule_SamplingEvent1` FOREIGN KEY (`idSamplingEvent`) REFERENCES `samplingevent` (`id`) ON DELETE NO ACTION ON UPDATE NO ACTION
) ENGINE=InnoDB AUTO_INCREMENT=2 DEFAULT CHARSET=latin1;
/*!40101 SET character_set_client = @saved_cs_client */;

--
-- Dumping data for table `aliquotsplitschedule`
--

LOCK TABLES `aliquotsplitschedule` WRITE;
/*!40000 ALTER TABLE `aliquotsplitschedule` DISABLE KEYS */;
INSERT INTO `aliquotsplitschedule` VALUES (1,4,1,NULL,0,NULL,NULL);
/*!40000 ALTER TABLE `aliquotsplitschedule` ENABLE KEYS */;
UNLOCK TABLES;

--
-- Table structure for table `aliquottransferschedule`
--

DROP TABLE IF EXISTS `aliquottransferschedule`;
/*!40101 SET @saved_cs_client     = @@character_set_client */;
/*!40101 SET character_set_client = utf8 */;
CREATE TABLE `aliquottransferschedule` (
  `id` int(11) NOT NULL AUTO_INCREMENT,
  `idAliquot` int(11) NOT NULL,
  `idTransfer` int(11) NOT NULL,
  PRIMARY KEY (`id`),
  KEY `fk_aliquottransferschedule_1` (`idAliquot`),
  KEY `fk_aliquottransferschedule_2` (`idTransfer`),
  CONSTRAINT `fk_aliquottransferschedule_1` FOREIGN KEY (`idAliquot`) REFERENCES `aliquot` (`id`) ON DELETE NO ACTION ON UPDATE NO ACTION,
  CONSTRAINT `fk_aliquottransferschedule_2` FOREIGN KEY (`idTransfer`) REFERENCES `transfer` (`id`) ON DELETE NO ACTION ON UPDATE NO ACTION
) ENGINE=InnoDB DEFAULT CHARSET=latin1;
/*!40101 SET character_set_client = @saved_cs_client */;

--
-- Dumping data for table `aliquottransferschedule`
--

LOCK TABLES `aliquottransferschedule` WRITE;
/*!40000 ALTER TABLE `aliquottransferschedule` DISABLE KEYS */;
/*!40000 ALTER TABLE `aliquottransferschedule` ENABLE KEYS */;
UNLOCK TABLES;

--
-- Table structure for table `aliquottype`
--

DROP TABLE IF EXISTS `aliquottype`;
/*!40101 SET @saved_cs_client     = @@character_set_client */;
/*!40101 SET character_set_client = utf8 */;
CREATE TABLE `aliquottype` (
  `id` int(11) NOT NULL AUTO_INCREMENT,
  `abbreviation` varchar(4) NOT NULL,
  `longName` varchar(20) NOT NULL,
  `type` varchar(20) NOT NULL,
  PRIMARY KEY (`id`)
) ENGINE=InnoDB AUTO_INCREMENT=18 DEFAULT CHARSET=latin1;
/*!40101 SET character_set_client = @saved_cs_client */;

--
-- Dumping data for table `aliquottype`
--

LOCK TABLES `aliquottype` WRITE;
/*!40000 ALTER TABLE `aliquottype` DISABLE KEYS */;
INSERT INTO `aliquottype` VALUES (1,'VT','Viable','Original'),(2,'SF','Snap Frozen','Original'),(3,'RL','RNAlater','Original'),(4,'FF','Formalin Fixed','Block'),(5,'OF','OCTfrozen','Block'),(6,'CH','ChinaBlack','Block'),(7,'DNA','DNA','Derived'),(8,'RNA','RNA','Derived'),(9,'cDNA','Complementary DNA','Derived'),(10,'cRNA','Complementary RNA','Derived'),(11,'PL','Plasma','Original'),(12,'PX','PAXtube','Original'),(13,'FR','Frozen','Original'),(14,'FS','FrozenSediment','Original'),(15,'PS','ParaffinSection','Block'),(16,'OS','OCTSection','Block'),(17,'P','Protein','Derived');
/*!40000 ALTER TABLE `aliquottype` ENABLE KEYS */;
UNLOCK TABLES;

--
-- Table structure for table `aliquottypeexperiment`
--

DROP TABLE IF EXISTS `aliquottypeexperiment`;
/*!40101 SET @saved_cs_client     = @@character_set_client */;
/*!40101 SET character_set_client = utf8 */;
CREATE TABLE `aliquottypeexperiment` (
  `id` int(11) NOT NULL AUTO_INCREMENT,
  `idExperiment` int(11) NOT NULL,
  `idAliquotType` int(11) NOT NULL,
  PRIMARY KEY (`id`),
  KEY `fk_AliquotTypeExperiment_AliquotType` (`idAliquotType`),
  KEY `fk_AliqTypeExp_Exp` (`idExperiment`),
  CONSTRAINT `fk_AliqTypeExp_Exp` FOREIGN KEY (`idExperiment`) REFERENCES `experiment` (`id`) ON DELETE NO ACTION ON UPDATE NO ACTION,
  CONSTRAINT `fk_AliquotTypeExperiment_AliquotType` FOREIGN KEY (`idAliquotType`) REFERENCES `aliquottype` (`id`) ON DELETE NO ACTION ON UPDATE NO ACTION
) ENGINE=InnoDB AUTO_INCREMENT=55 DEFAULT CHARSET=latin1;
/*!40101 SET character_set_client = @saved_cs_client */;

--
-- Dumping data for table `aliquottypeexperiment`
--

LOCK TABLES `aliquottypeexperiment` WRITE;
/*!40000 ALTER TABLE `aliquottypeexperiment` DISABLE KEYS */;
INSERT INTO `aliquottypeexperiment` VALUES (1,1,9),(2,1,10),(3,2,7),(4,2,8),(5,3,7),(6,3,8),(7,3,9),(8,3,10),(9,4,4),(10,4,5),(11,5,1),(12,5,2),(13,5,3),(14,5,4),(15,5,5),(16,5,7),(17,5,8),(18,5,9),(19,5,10),(20,6,1),(21,6,2),(22,6,3),(23,6,4),(24,6,5),(25,6,7),(26,6,8),(27,6,9),(28,6,10),(33,8,1),(38,10,7),(39,10,8),(40,10,9),(41,10,10),(42,11,1),(43,7,7),(44,7,8),(45,7,9),(46,7,10),(47,12,7),(48,12,8),(49,12,9),(50,12,10),(51,13,7),(52,13,8),(53,13,9),(54,13,10);
/*!40000 ALTER TABLE `aliquottypeexperiment` ENABLE KEYS */;
UNLOCK TABLES;


--
-- Table structure for table `clinicalfeature`
--

DROP TABLE IF EXISTS `clinicalfeature`;
/*!40101 SET @saved_cs_client     = @@character_set_client */;
/*!40101 SET character_set_client = utf8 */;
CREATE TABLE `clinicalfeature` (
  `id` int(11) NOT NULL AUTO_INCREMENT,
  `name` varchar(50) NOT NULL,
  `measureUnit` varchar(20) DEFAULT NULL,
  `type` varchar(30) DEFAULT NULL,
  `idClinicalFeature` int(11) DEFAULT NULL,
  PRIMARY KEY (`id`),
  KEY `fk_clinicalfeature_1` (`idClinicalFeature`),
  CONSTRAINT `fk_clinicalfeature_1` FOREIGN KEY (`idClinicalFeature`) REFERENCES `clinicalfeature` (`id`) ON DELETE NO ACTION ON UPDATE NO ACTION
) ENGINE=InnoDB AUTO_INCREMENT=140 DEFAULT CHARSET=latin1;
/*!40101 SET character_set_client = @saved_cs_client */;

--
-- Dumping data for table `clinicalfeature`
--

LOCK TABLES `clinicalfeature` WRITE;
/*!40000 ALTER TABLE `clinicalfeature` DISABLE KEYS */;
INSERT INTO `clinicalfeature` VALUES (1,'24-H urines','ml','Number',47),(3,'Notes','','',NULL),(4,'idCellLine','','Cellline',NULL),(5,'MTA','','Cellline',NULL),(6,'LotNumber','','Cellline',NULL),(7,'MycoplasmaPositive','','Cellline',NULL),(8,'RelatedFile','','Cellline',NULL),(40,'Anagraphics','','Level1',NULL),(41,'Laboratory data','','Level1',NULL),(42,'Patient treatments','','Level1',NULL),(43,'Disease history','','Level1',NULL),(44,'Molecular markers','','Level1',NULL),(45,'Pathological features','','Level1',NULL),(46,'Tumour markers','','Level2',41),(47,'Functional parameters','','Level2',41),(48,'Serological markers','','Level2',41),(49,'Year of birth','','Year',40),(50,'Gender','','RadioList',40),(51,'CEA','ng/ml','Number',46),(52,'CA125','U/ml','Number',46),(53,'CA19-9','U/ml','Number',46),(54,'CA15-3','U/ml','Number',46),(55,'TPA','ng/ml','Number',46),(56,'LDH','U/l','Number',46),(57,'Alpha-fetoprotein','ng/ml','Number',46),(58,'EBV','','RadioList',48),(59,'HBV','','RadioList',48),(60,'HCV','','RadioList',48),(61,'HIV','','RadioList',48),(62,'HPV','','RadioList',48),(63,'Treatments','','Level2',42),(64,'Sensitivity info','','Level2',42),(65,'Former/Previous','','Autocomplete',63),(66,'Ongoing','','Autocomplete',63),(67,'Scheduled/Planned','','Autocomplete',63),(68,'Sensitive to','','Autocomplete',64),(69,'Resistant to','','Autocomplete',64),(70,'Date of surgery','','Date',43),(71,'Date first diagnosis','','Date',43),(72,'Date diagnosis current collection','','Date',43),(73,'Death date','','Date',43),(74,'Date last follow up','','Date',43),(75,'Disease status at follow up','','List',43),(76,'IHC','','Level2',44),(77,'FISH','','Level2',44),(78,'Sequencing','','Level2',44),(79,'FISH value','','FISH',77),(80,'Sequencing value','','Sequencing',78),(81,'PR_R','','TextTumor',76),(82,'ER_R','','TextTumor',76),(83,'HER_R','','TextTumor',76),(84,'Other_R','','TextTumor',76),(85,'EMA_EMC_F0','','TextTumor',76),(86,'Prekeratin_EMC_F0','','TextTumor',76),(87,'CD10_EMC_F0','','TextTumor',76),(88,'TP53_EMC_F0','','TextTumor',76),(89,'ER_EMC_F0','','TextTumor',76),(90,'PR_EMC_F0','','TextTumor',76),(91,'Phosph-S6_EMC','','TextTumor',76),(92,'p53_EMC','','TextTumor',76),(93,'MSH6_EMC','','TextTumor',76),(94,'MLH1_EMC','','TextTumor',76),(95,'MSH2_EMC','','TextTumor',76),(96,'Desmin_US_F0','','TextTumor',76),(97,'ER_US_F0','','TextTumor',76),(98,'PR_US_F0','','TextTumor',76),(99,'Caldesmon_US_F0','','TextTumor',76),(100,'AlphaSMA_US_F0','','TextTumor',76),(101,'CD10_US_F0','','TextTumor',76),(102,'Vimentin_US_F0','','TextTumor',76),(103,'Cytokeratin_US_F0','','TextTumor',76),(104,'EMA_US_F0','','TextTumor',76),(105,'PDGFR-alpha US','','TextTumor',76),(106,'Phospho-S6 US','','TextTumor',76),(107,'PTEN US','','TextTumor',76),(108,'ERBB2 US','','TextTumor',76),(109,'VEGF US','','TextTumor',76),(110,'EGFR US','','TextTumor',76),(111,'Cytokeratin_OVC_F0','','TextTumor',76),(112,'Vimentin_OVC_F0','','TextTumor',76),(113,'Phosph-S6_OVC','','TextTumor',76),(114,'TP53_OVC_F0','','TextTumor',76),(115,'MSH6_OVC','','TextTumor',76),(116,'MLH1_OVC','','TextTumor',76),(117,'MSH2_OVC','','TextTumor',76),(118,'p53 positive','','TextTumor',76),(119,'Main features','','Level2',45),(120,'Other parameters','','Level2',45),(121,'Histological classification','','List',119),(122,'Histological grading','','List',119),(123,'Staging','','List',119),(124,'Location','','List',119),(125,'TNM','','TNM',119),(126,'Breslow','','TextTumor',120),(127,'Mitotic Index','','TextTumor',120),(128,'Ulceration','','TextTumor',120),(129,'Clarck','','TextTumor',120),(130,'Micro Macroscopic','','TextTumor',120),(131,'Number of Lnn','','TextTumor',120),(132,'Extracapsular Dissemination','','TextTumor',120),(133,'Satellites','','TextTumor',120),(134,'In Transit Metastasis','','TextTumor',120),(135,'Skin_Non Regional lnn','','TextTumor',120),(136,'Met_lungs','','TextTumor',120),(137,'Met_Others','','TextTumor',120),(138,'Distant Metastasis','','TextTumor',120),(139,'Met_Remarks','','TextTumor',120);
/*!40000 ALTER TABLE `clinicalfeature` ENABLE KEYS */;
UNLOCK TABLES;

--
-- Table structure for table `clinicalfeaturecollectiontype`
--

DROP TABLE IF EXISTS `clinicalfeaturecollectiontype`;
/*!40101 SET @saved_cs_client     = @@character_set_client */;
/*!40101 SET character_set_client = utf8 */;
CREATE TABLE `clinicalfeaturecollectiontype` (
  `id` int(11) NOT NULL AUTO_INCREMENT,
  `idClinicalFeature` int(11) NOT NULL,
  `idCollectionType` int(11) DEFAULT NULL,
  `value` varchar(150) DEFAULT NULL,
  PRIMARY KEY (`id`),
  KEY `fk_clinicalfeaturecollectiontype_1` (`idClinicalFeature`),
  KEY `fk_clinicalfeaturecollectiontype_2` (`idCollectionType`),
  CONSTRAINT `fk_clinicalfeaturecollectiontype_1` FOREIGN KEY (`idClinicalFeature`) REFERENCES `clinicalfeature` (`id`) ON DELETE NO ACTION ON UPDATE NO ACTION,
  CONSTRAINT `fk_clinicalfeaturecollectiontype_2` FOREIGN KEY (`idCollectionType`) REFERENCES `collectiontype` (`id`) ON DELETE NO ACTION ON UPDATE NO ACTION
) ENGINE=InnoDB AUTO_INCREMENT=215 DEFAULT CHARSET=latin1;
/*!40101 SET character_set_client = @saved_cs_client */;

--
-- Dumping data for table `clinicalfeaturecollectiontype`
--

LOCK TABLES `clinicalfeaturecollectiontype` WRITE;
/*!40000 ALTER TABLE `clinicalfeaturecollectiontype` DISABLE KEYS */;
INSERT INTO `clinicalfeaturecollectiontype` VALUES (13,50,NULL,'Male'),(14,50,NULL,'Female'),(15,75,NULL,'NED (No evidence of disease)'),(16,75,NULL,'AWED (Alive with evidence of disease)'),(17,58,NULL,'Positive'),(18,58,NULL,'Negative'),(19,59,NULL,'Positive'),(20,59,NULL,'Negative'),(21,60,NULL,'Positive'),(22,60,NULL,'Negative'),(23,61,NULL,'Positive'),(24,61,NULL,'Negative'),(25,62,NULL,'Positive'),(26,62,NULL,'Negative'),(27,81,2,'PR_R'),(28,82,2,'ER_R'),(29,83,2,'HER_R'),(30,84,2,'Other_R'),(31,85,23,'EMA_EMC_F0'),(32,86,23,'Prekeratin_EMC_F0'),(33,87,23,'CD10_EMC_F0'),(34,88,23,'TP53_EMC_F0'),(35,89,23,'ER_EMC_F0'),(36,90,23,'PR_EMC_F0'),(37,91,23,'Phosph-S6_EMC'),(38,92,23,'p53_EMC'),(39,93,23,'MSH6_EMC'),(40,94,23,'MLH1_EMC'),(41,95,23,'MSH2_EMC'),(42,96,23,'Desmin_US_F0'),(43,97,23,'ER_US_F0'),(44,98,23,'PR_US_F0'),(45,99,23,'Caldesmon_US_F0'),(46,100,23,'AlphaSMA_US_F0'),(47,101,23,'CD10_US_F0'),(48,102,23,'Vimentin_US_F0'),(49,103,23,'Cytokeratin_US_F0'),(50,104,23,'EMA_US_F0'),(51,105,23,'PDGFR-alpha US'),(52,106,23,'Phospho-S6 US'),(53,107,23,'PTEN US'),(54,108,23,'ERBB2 US'),(55,109,23,'VEGF US'),(56,110,23,'EGFR US'),(57,111,5,'Cytokeratin_OVC_F0'),(58,112,5,'Vimentin_OVC_F0'),(59,113,5,'Phosph-S6_OVC'),(60,114,5,'TP53_OVC_F0'),(61,115,5,'MSH6_OVC'),(62,116,5,'MLH1_OVC'),(63,117,5,'MSH2_OVC'),(64,118,7,'p53 positive'),(65,126,3,'Breslow'),(66,127,3,'Mitotic Index'),(67,128,3,'Ulceration'),(68,129,3,'Clarck'),(69,130,3,'Micro Macroscopic'),(70,131,3,'Number of Lnn'),(71,132,3,'Extracapsular Dissemination'),(72,133,3,'Satellites'),(73,134,3,'In Transit Metastasis'),(74,135,3,'Skin_Non Regional lnn'),(75,136,3,'Met_lungs'),(76,137,3,'Met_Others'),(77,138,3,'Distant Metastasis'),(78,139,3,'Met_Remarks'),(79,121,2,'Triple Negative'),(80,121,2,'Adenoid cystic carcinoma'),(81,121,2,'Invasive ductal adenocarcinoma (IDA) - Not otherwise specified'),(82,121,2,'Mixed metaplastic - IDA (NOS)'),(83,121,2,'Invasive micropapillary carcinoma'),(84,121,2,'IDA with associated ductal carcinoma in situ (DCIS)'),(85,121,23,'Endometrioid - With squamous differentiation'),(86,121,23,'Mucinous'),(87,121,23,'Serous'),(88,121,23,'LMS (leiomyosarcoma)'),(89,121,23,'ESS (endometrial stromal sarcoma)'),(90,121,23,'UES (undifferentiated endometrial sarcoma)'),(91,121,23,'AS (adenosarcoma)'),(92,121,23,'CS (carcinosarcoma)'),(93,121,23,'STUMP (smooth muscle tumor of unknown malignant potential)'),(94,121,23,'NOS (not otherwise specified)'),(95,121,23,'Other'),(96,121,23,'Endometrioid - Villoglandular'),(97,121,23,'Endometrioid - Secretory'),(98,121,23,'Endometrioid -  Ciliated cell'),(99,121,23,'Endometrioid - Not specified'),(100,121,23,'Clear cell'),(101,121,23,'Mixed carcinoma'),(102,121,23,'Squamous carcinoma'),(103,121,23,'Transitional cell carcinoma'),(104,121,23,'Small cell carcinoma'),(105,121,23,'Undifferentiated carcinoma'),(106,121,23,'Unknown'),(107,121,23,'Mesonephric adenocarcinoma'),(108,121,23,'Malignant mixed mesonephric adenocarcinoma'),(109,121,23,'Trophoblastic tumor'),(110,121,23,'Undifferentiated vaginal sarcoma'),(111,121,23,'Mixed endometrioid/clear cell carcinoma'),(112,121,12,'Squamous cell carcinoma - Lip, oral cavity'),(113,121,12,'Squamous cell carcinoma - Pharynx'),(114,121,12,'Squamous cell carcinoma - Larynx'),(115,121,12,'Squamous cell carcinoma - Nasal cavity & paranasal sinus'),(116,121,12,'Squamous cell carcinoma - Major salivary glands'),(117,121,12,'Squamous cell carcinoma - Thyroid gland'),(118,121,9,'Hodgkin lymphoma'),(119,121,9,'Non-Hodgkin - Diffuse large B cell  lymphoma (DLBCL) - GCC'),(120,121,9,'Non-Hodgkin - Diffuse large B cell  lymphoma (DLBCL) - ABC'),(121,121,9,'Non-Hodgkin - Diffuse large B cell  lymphoma (DLBCL) - PMBCL'),(122,121,9,'Follicular lymphoma'),(123,121,9,'Burkitt lymphoma'),(124,121,9,'Peripheral T-Cell Lymphoma (PTCL)'),(125,121,9,'Anaplastic Large B-Cell Lymphoma ALK+ (ALCL)'),(126,121,9,'Anaplastic Large B-Cell Lymphoma ALK- (ALCL)'),(127,121,3,'Mucosal'),(128,121,3,'Uveal'),(129,121,3,'Cutaneous'),(130,121,5,'Serous adenocarcinoma'),(131,121,5,'Mucinous adenocarcinoma'),(132,121,5,'Endometrioid adenocarcinoma'),(133,121,5,'Clear cell adenocarcinoma'),(134,121,5,'Transitional cell carcinoma'),(135,121,5,'Mixed epithelial malignant tumor'),(136,121,5,'Undifferentiated carcinoma'),(137,121,5,'Sertoli-Leydig cell tumor'),(138,121,5,'Embryonal carcinoma'),(139,121,5,'Dysgerminoma'),(140,121,5,'Mullerian (endocervical-like) type of mucinous ovarian carcinoma'),(141,121,5,'Neuroectodermal ovarian tumor'),(142,121,7,'Pancreatic ductal adenocarcinoma (PDAC)'),(143,121,7,'Pancreatic neuroendocrine tumor (PNET)'),(144,121,14,'Prostate cancer'),(145,122,23,'1'),(146,122,5,'1'),(147,122,2,'1'),(148,122,23,'2'),(149,122,5,'2'),(150,122,2,'2'),(151,122,23,'3'),(152,122,5,'3'),(153,122,2,'3'),(154,122,23,'Low'),(155,122,5,'Low'),(156,122,2,'Low'),(157,122,7,'Low'),(158,122,14,'Low'),(159,122,12,'Low'),(160,122,23,'Moderate'),(161,122,5,'Moderate'),(162,122,2,'Moderate'),(163,122,7,'Moderate'),(164,122,14,'Moderate'),(165,122,12,'Moderate'),(166,122,23,'High'),(167,122,5,'High'),(168,122,2,'High'),(169,122,7,'High'),(170,122,14,'High'),(171,122,12,'High'),(172,122,23,'Unknown'),(173,122,5,'Unknown'),(174,122,2,'Unknown'),(175,122,7,'Unknown'),(176,122,14,'Unknown'),(177,122,12,'Unknown'),(178,122,23,'Blanco'),(179,122,5,'Blanco'),(180,122,2,'Blanco'),(181,122,7,'Blanco'),(182,122,14,'Blanco'),(183,122,12,'Blanco'),(184,123,23,'FIGO I'),(185,123,5,'FIGO I'),(186,123,23,'FIGO II'),(187,123,5,'FIGO II'),(188,123,23,'FIGO III'),(189,123,5,'FIGO III'),(190,123,23,'FIGO IV'),(191,123,5,'FIGO IV'),(192,124,2,'Breast'),(193,124,2,'Axillary lymph node'),(194,124,23,'Uterus'),(195,124,23,'Vagina'),(196,124,23,'Pelvis'),(197,124,23,'Peritoneum'),(198,124,23,'Cervix'),(199,124,23,'Abdomen'),(200,124,23,'Bladder'),(201,124,23,'Omentum'),(202,124,3,'Axillary Lymph node'),(203,124,3,'Inguinal Lymph node'),(204,124,5,'Abdomen'),(205,124,5,'Pelvis'),(206,124,5,'Peritoneum'),(207,124,5,'Vagina'),(208,124,5,'Ovary'),(209,124,5,'Inguinal lymph node'),(210,124,5,'Iliac lymph node'),(211,124,14,'Prostate'),(212,75,NULL,'DID (Dead of intercurrent disease)'),(213,75,NULL,'DOD (Dead of disease)'),(214,75,NULL,'Unknown');
/*!40000 ALTER TABLE `clinicalfeaturecollectiontype` ENABLE KEYS */;
UNLOCK TABLES;

delimiter //

drop trigger if exists clinfeature;
create trigger clinfeature
after update on clinicalfeaturecollectiontype
for each row
begin
if new.value <> old.value then
update collectionclinicalfeature set value=new.value where value=old.value and idClinicalFeature=new.idClinicalFeature;
end if;
end; //

delimiter ;

--
-- Table structure for table `collection`
--

DROP TABLE IF EXISTS `collection`;
/*!40101 SET @saved_cs_client     = @@character_set_client */;
/*!40101 SET character_set_client = utf8 */;
CREATE TABLE `collection` (
  `id` int(11) NOT NULL AUTO_INCREMENT,
  `itemCode` varchar(10) NOT NULL,
  `idCollectionType` int(11) NOT NULL,
  `idSource` int(11) NOT NULL,
  `collectionEvent` varchar(45) NOT NULL,
  `idCollectionProtocol` int(11) DEFAULT NULL,
  `patientCode` varchar(50) DEFAULT NULL,
  PRIMARY KEY (`id`),
  KEY `fk_Collection_TumorType1` (`idCollectionType`),
  KEY `fk_Collection_Source1` (`idSource`),
  KEY `fk_Collection_CollectionProtocol1` (`idCollectionProtocol`),
  CONSTRAINT `fk_Collection_CollectionProtocol1` FOREIGN KEY (`idCollectionProtocol`) REFERENCES `collectionprotocol` (`id`) ON DELETE NO ACTION ON UPDATE NO ACTION,
  CONSTRAINT `fk_Collection_Source1` FOREIGN KEY (`idSource`) REFERENCES `source` (`id`) ON DELETE NO ACTION ON UPDATE NO ACTION,
  CONSTRAINT `fk_Collection_TumorType1` FOREIGN KEY (`idCollectionType`) REFERENCES `collectiontype` (`id`) ON DELETE NO ACTION ON UPDATE NO ACTION
) ENGINE=InnoDB AUTO_INCREMENT=8 DEFAULT CHARSET=latin1;
/*!40101 SET character_set_client = @saved_cs_client */;

--
-- Dumping data for table `collection`
--

LOCK TABLES `collection` WRITE;
/*!40000 ALTER TABLE `collection` DISABLE KEYS */;
INSERT INTO `collection` VALUES (1,'0001',3,2,'cons6',1,'pat4'),(2,'0001',2,3,'cons5',2,'pat2'),(3,'0002',2,2,'cons4',2,'pat2'),(5,'0001',1,2,'cons2',1,'pat1'),(6,'0001',6,4,'cons3',1,''),(7,'0002',3,2,'cons1',1,'pat5');
/*!40000 ALTER TABLE `collection` ENABLE KEYS */;
UNLOCK TABLES;

--
-- Table structure for table `collectionclinicalfeature`
--

DROP TABLE IF EXISTS `collectionclinicalfeature`;
/*!40101 SET @saved_cs_client     = @@character_set_client */;
/*!40101 SET character_set_client = utf8 */;
CREATE TABLE `collectionclinicalfeature` (
  `id` int(11) NOT NULL AUTO_INCREMENT,
  `idCollection` int(11) DEFAULT NULL,
  `idSamplingEvent` int(11) DEFAULT NULL,
  `idClinicalFeature` int(11) NOT NULL,
  `value` varchar(150) NOT NULL,
  PRIMARY KEY (`id`),
  KEY `fk_collectionclinicalfeature_1` (`idCollection`),
  KEY `fk_collectionclinicalfeature_2` (`idClinicalFeature`),
  KEY `fk_collectionclinicalfeature_3` (`idSamplingEvent`),
  CONSTRAINT `fk_collectionclinicalfeature_1` FOREIGN KEY (`idCollection`) REFERENCES `collection` (`id`) ON DELETE NO ACTION ON UPDATE NO ACTION,
  CONSTRAINT `fk_collectionclinicalfeature_2` FOREIGN KEY (`idClinicalFeature`) REFERENCES `clinicalfeature` (`id`) ON DELETE NO ACTION ON UPDATE NO ACTION,
  CONSTRAINT `fk_collectionclinicalfeature_3` FOREIGN KEY (`idSamplingEvent`) REFERENCES `samplingevent` (`id`) ON DELETE NO ACTION ON UPDATE NO ACTION
) ENGINE=InnoDB DEFAULT CHARSET=latin1;
/*!40101 SET character_set_client = @saved_cs_client */;

--
-- Dumping data for table `collectionclinicalfeature`
--

LOCK TABLES `collectionclinicalfeature` WRITE;
/*!40000 ALTER TABLE `collectionclinicalfeature` DISABLE KEYS */;
/*!40000 ALTER TABLE `collectionclinicalfeature` ENABLE KEYS */;
UNLOCK TABLES;

--
-- Table structure for table `collectionprotocol`
--

DROP TABLE IF EXISTS `collectionprotocol`;
/*!40101 SET @saved_cs_client     = @@character_set_client */;
/*!40101 SET character_set_client = utf8 */;
CREATE TABLE `collectionprotocol` (
  `id` int(11) NOT NULL AUTO_INCREMENT,
  `name` varchar(45) NOT NULL,
  `title` varchar(150) NOT NULL,
  `project` varchar(50) NOT NULL,
  `projectDateRelease` date NOT NULL,
  `informedConsent` varchar(50) NOT NULL,
  `informedConsentDateRelease` date NOT NULL,
  `ethicalCommittee` varchar(45) NOT NULL,
  `approvalDocument` varchar(45) NOT NULL,
  `approvalDate` date NOT NULL,
  PRIMARY KEY (`id`)
) ENGINE=InnoDB AUTO_INCREMENT=4 DEFAULT CHARSET=latin1;
/*!40101 SET character_set_client = @saved_cs_client */;

--
-- Dumping data for table `collectionprotocol`
--

LOCK TABLES `collectionprotocol` WRITE;
/*!40000 ALTER TABLE `collectionprotocol` DISABLE KEYS */;
INSERT INTO `collectionprotocol` VALUES (1,'Protocol1','Protocol1','Protocol1','2011-11-17','x','2011-06-29','x','x','2011-03-09'),(2,'Protocol2','Protocol2','Protocol2','2013-04-23','x','2013-04-23','y','z','2013-04-23'),(3,'Protocol3','Protocol3','x','2013-06-13','x','2013-06-13','x','x','2013-06-13');
/*!40000 ALTER TABLE `collectionprotocol` ENABLE KEYS */;
UNLOCK TABLES;

--
-- Table structure for table `collectiontype`
--

DROP TABLE IF EXISTS `collectiontype`;
/*!40101 SET @saved_cs_client     = @@character_set_client */;
/*!40101 SET character_set_client = utf8 */;
CREATE TABLE `collectiontype` (
  `id` int(11) NOT NULL AUTO_INCREMENT,
  `abbreviation` varchar(3) NOT NULL,
  `longName` varchar(30) NOT NULL,
  PRIMARY KEY (`id`)
) ENGINE=InnoDB AUTO_INCREMENT=24 DEFAULT CHARSET=latin1;
/*!40101 SET character_set_client = @saved_cs_client */;

--
-- Dumping data for table `collectiontype`
--

LOCK TABLES `collectiontype` WRITE;
/*!40000 ALTER TABLE `collectiontype` DISABLE KEYS */;
INSERT INTO `collectiontype` VALUES (1,'CRC','Colorectal'),(2,'BRC','Breast'),(3,'MEL','Melanoma'),(4,'LNG','Lung'),(5,'OVR','Ovarian'),(6,'GTR','Gastric'),(7,'EPC','Exocrin Pancreatic'),(8,'KDC','Kidney'),(9,'LNF','Lymphoma'),(10,'CHC','CholangioCarcinoma'),(11,'NEC','NeuroEndocrin Cancer'),(12,'HNC','Head&Neck Carcinoma'),(13,'HCC','HepatoCellular Carcinoma'),(14,'PRC','Prostate Cancer'),(15,'BLC','Bladder Cancer'),(16,'CUP','Cancer of unknown primary'),(17,'NCT','Non-Cancerous Tissue'),(18,'GIS','Gastrointestinal stromal'),(19,'TMC','Thymus Carcinoma'),(20,'THC','Thyroid Cancer'),(21,'ESC','Esophageal'),(22,'GBC','GallBladder Cancer'),(23,'EMC','Endometrial');
/*!40000 ALTER TABLE `collectiontype` ENABLE KEYS */;
UNLOCK TABLES;

--
-- Table structure for table `courier`
--

DROP TABLE IF EXISTS `courier`;
/*!40101 SET @saved_cs_client     = @@character_set_client */;
/*!40101 SET character_set_client = utf8 */;
CREATE TABLE `courier` (
  `id` int(11) NOT NULL AUTO_INCREMENT,
  `name` varchar(50) NOT NULL,
  PRIMARY KEY (`id`)
) ENGINE=InnoDB AUTO_INCREMENT=8 DEFAULT CHARSET=latin1;
/*!40101 SET character_set_client = @saved_cs_client */;

--
-- Dumping data for table `courier`
--

LOCK TABLES `courier` WRITE;
/*!40000 ALTER TABLE `courier` DISABLE KEYS */;
INSERT INTO `courier` VALUES (1,'courier1'),(2,'courier2'),(3,'courier3'),(4,'courier4'),(5,'courier5'),(6,'Internal');
/*!40000 ALTER TABLE `courier` ENABLE KEYS */;
UNLOCK TABLES;

--
-- Table structure for table `derivationevent`
--

DROP TABLE IF EXISTS `derivationevent`;
/*!40101 SET @saved_cs_client     = @@character_set_client */;
/*!40101 SET character_set_client = utf8 */;
CREATE TABLE `derivationevent` (
  `id` int(11) NOT NULL AUTO_INCREMENT,
  `idSamplingEvent` int(11) DEFAULT NULL,
  `idAliqDerivationSchedule` int(11) DEFAULT NULL,
  `derivationDate` date NOT NULL,
  `operator` varchar(45) NOT NULL,
  PRIMARY KEY (`id`),
  KEY `fk_DerivationEvent_SamplingEvent1` (`idSamplingEvent`),
  KEY `fk_DerEvent_SamplingEvent` (`idSamplingEvent`),
  KEY `fk_DerEvent_AliqDerSched` (`idAliqDerivationSchedule`),
  CONSTRAINT `fk_DerEvent_AliqDerSched` FOREIGN KEY (`idAliqDerivationSchedule`) REFERENCES `aliquotderivationschedule` (`id`) ON DELETE NO ACTION ON UPDATE NO ACTION,
  CONSTRAINT `fk_DerEvent_SamplingEvent` FOREIGN KEY (`idSamplingEvent`) REFERENCES `samplingevent` (`id`) ON DELETE NO ACTION ON UPDATE NO ACTION
) ENGINE=InnoDB AUTO_INCREMENT=6 DEFAULT CHARSET=latin1;
/*!40101 SET character_set_client = @saved_cs_client */;

--
-- Dumping data for table `derivationevent`
--

LOCK TABLES `derivationevent` WRITE;
/*!40000 ALTER TABLE `derivationevent` DISABLE KEYS */;
INSERT INTO `derivationevent` VALUES (1,3,1,'2013-11-07','emanuele.geda'),(2,9,2,'2013-11-14','emanuele.geda'),(3,10,3,'2013-11-14','emanuele.geda'),(4,11,4,'2013-11-14','emanuele.geda'),(5,12,5,'2013-11-14','emanuele.geda');
/*!40000 ALTER TABLE `derivationevent` ENABLE KEYS */;
UNLOCK TABLES;

--
-- Table structure for table `derivationprotocol`
--

DROP TABLE IF EXISTS `derivationprotocol`;
/*!40101 SET @saved_cs_client     = @@character_set_client */;
/*!40101 SET character_set_client = utf8 */;
CREATE TABLE `derivationprotocol` (
  `id` int(11) NOT NULL AUTO_INCREMENT,
  `idKitType` int(11) DEFAULT NULL,
  `name` varchar(45) NOT NULL,
  `loadQuantity` double NOT NULL,
  `loadVolume` double DEFAULT NULL,
  `maxVolume` double DEFAULT NULL,
  `expectedVolume` double NOT NULL,
  `rules` text NOT NULL,
  PRIMARY KEY (`id`),
  KEY `fk_Protocols_Kit1` (`idKitType`),
  CONSTRAINT `fk_Protocols_Kit1` FOREIGN KEY (`idKitType`) REFERENCES `kittype` (`id`) ON DELETE NO ACTION ON UPDATE NO ACTION
) ENGINE=InnoDB AUTO_INCREMENT=17 DEFAULT CHARSET=latin1;
/*!40101 SET character_set_client = @saved_cs_client */;

--
-- Dumping data for table `derivationprotocol`
--

LOCK TABLES `derivationprotocol` WRITE;
/*!40000 ALTER TABLE `derivationprotocol` DISABLE KEYS */;
INSERT INTO `derivationprotocol` VALUES (1,1,'RNA extraction',25,NULL,NULL,45,'{\"volume_Aliquot\": \"10.0\", \"number_Aliquot\": \"5\", \"concentration_Aliquot\": \"500.0\"}'),(2,2,'DNA extraction',245,NULL,NULL,345,'{\"volume_Aliquot\": \"10.0\", \"number_Aliquot\": \"5\", \"concentration_Aliquot\": \"100.0\"}'),(3,5,'cRNA',0.5,2,11,100,'{\"volume_Aliquot\": \"15.0\", \"number_Aliquot\": \"2\", \"concentration_Aliquot\": \"150.0\"}'),(4,3,'cDNA',75,150,300,300,'{\"volume_Aliquot\": \"10.0\", \"number_Aliquot\": \"5\", \"concentration_Aliquot\": \"300.0\"}'),(12,2,'DNA extraction2',1,NULL,NULL,140,'{\"volume_Aliquot\": \"140\", \"number_Aliquot\": \"1\", \"concentration_Aliquot\": \"10000\"}'),(15,NULL,'Protein extraction1',NULL,NULL,NULL,NULL,NULL),(16,NULL,'Protein extraction2',NULL,NULL,NULL,NULL,NULL);
/*!40000 ALTER TABLE `derivationprotocol` ENABLE KEYS */;
UNLOCK TABLES;

--
-- Table structure for table `derivationschedule`
--

DROP TABLE IF EXISTS `derivationschedule`;
/*!40101 SET @saved_cs_client     = @@character_set_client */;
/*!40101 SET character_set_client = utf8 */;
CREATE TABLE `derivationschedule` (
  `id` int(11) NOT NULL AUTO_INCREMENT,
  `scheduleDate` date NOT NULL,
  `operator` varchar(30) DEFAULT NULL,
  PRIMARY KEY (`id`)
) ENGINE=InnoDB AUTO_INCREMENT=3 DEFAULT CHARSET=latin1;
/*!40101 SET character_set_client = @saved_cs_client */;

--
-- Dumping data for table `derivationschedule`
--

LOCK TABLES `derivationschedule` WRITE;
/*!40000 ALTER TABLE `derivationschedule` DISABLE KEYS */;
INSERT INTO `derivationschedule` VALUES (1,'2013-11-07','emanuele.geda'),(2,'2013-11-14','emanuele.geda');
/*!40000 ALTER TABLE `derivationschedule` ENABLE KEYS */;
UNLOCK TABLES;

--
-- Table structure for table `django_admin_log`
--

DROP TABLE IF EXISTS `django_admin_log`;
/*!40101 SET @saved_cs_client     = @@character_set_client */;
/*!40101 SET character_set_client = utf8 */;
CREATE TABLE `django_admin_log` (
  `id` int(11) NOT NULL AUTO_INCREMENT,
  `action_time` datetime NOT NULL,
  `user_id` int(11) NOT NULL,
  `content_type_id` int(11) DEFAULT NULL,
  `object_id` longtext,
  `object_repr` varchar(200) NOT NULL,
  `action_flag` smallint(5) unsigned NOT NULL,
  `change_message` longtext NOT NULL,
  PRIMARY KEY (`id`),
  KEY `django_admin_log_403f60f` (`user_id`),
  KEY `django_admin_log_1bb8f392` (`content_type_id`),
  CONSTRAINT `content_type_id_refs_id_288599e6` FOREIGN KEY (`content_type_id`) REFERENCES `django_content_type` (`id`),
  CONSTRAINT `user_id_refs_id_c8665aa` FOREIGN KEY (`user_id`) REFERENCES `auth_user` (`id`)
) ENGINE=InnoDB AUTO_INCREMENT=1 DEFAULT CHARSET=latin1;
/*!40101 SET character_set_client = @saved_cs_client */;

--
-- Dumping data for table `django_admin_log`
--

LOCK TABLES `django_admin_log` WRITE;
/*!40000 ALTER TABLE `django_admin_log` DISABLE KEYS */;
/*!40000 ALTER TABLE `django_admin_log` ENABLE KEYS */;
UNLOCK TABLES;

--
-- Table structure for table `django_content_type`
--

DROP TABLE IF EXISTS `django_content_type`;
/*!40101 SET @saved_cs_client     = @@character_set_client */;
/*!40101 SET character_set_client = utf8 */;
CREATE TABLE `django_content_type` (
  `id` int(11) NOT NULL AUTO_INCREMENT,
  `name` varchar(100) NOT NULL,
  `app_label` varchar(100) NOT NULL,
  `model` varchar(100) NOT NULL,
  PRIMARY KEY (`id`),
  UNIQUE KEY `app_label` (`app_label`,`model`)
) ENGINE=InnoDB AUTO_INCREMENT=117 DEFAULT CHARSET=latin1;
/*!40101 SET character_set_client = @saved_cs_client */;

--
-- Dumping data for table `django_content_type`
--

LOCK TABLES `django_content_type` WRITE;
/*!40000 ALTER TABLE `django_content_type` DISABLE KEYS */;
INSERT INTO `django_content_type` VALUES (1,'permission','auth','permission'),(2,'group','auth','group'),(3,'user','auth','user'),(4,'log entry','admin','logentry'),(5,'content type','contenttypes','contenttype'),(6,'session','sessions','session'),(7,'site','sites','site'),(8,'nonce','piston','nonce'),(9,'token','piston','token'),(10,'resource','piston','resource'),(11,'consumer','piston','consumer'),(12,'aliquot','tissue','aliquot'),(13,'aliquot derivation schedule','tissue','aliquotderivationschedule'),(14,'kit type','tissue','kittype'),(15,'kit','tissue','kit'),(16,'derivation protocol','tissue','derivationprotocol'),(17,'transformation change','tissue','transformationchange'),(18,'derivation event','tissue','derivationevent'),(19,'quality event','tissue','qualityevent'),(20,'tissue type','tissue','tissuetype'),(21,'source','tissue','source'),(22,'serie','tissue','serie'),(23,'sampling event','tissue','samplingevent'),(24,'quality schedule','tissue','qualityschedule'),(25,'aliquot quality schedule','tissue','aliquotqualityschedule'),(26,'collection type','tissue','collectiontype'),(27,'collection','tissue','collection'),(28,'transformation derivation','tissue','transformationderivation'),(29,'aliquot type','tissue','aliquottype'),(30,'urls','tissue','urls'),(31,'feature','tissue','feature'),(32,'aliquot feature','tissue','aliquotfeature'),(33,'quality event file','tissue','qualityeventfile'),(34,'position schedule','tissue','positionschedule'),(35,'aliquot position schedule','tissue','aliquotpositionschedule'),(36,'split schedule','tissue','splitschedule'),(37,'aliquot split schedule','tissue','aliquotsplitschedule'),(38,'quality protocol','tissue','qualityprotocol'),(39,'measure parameter','tissue','measureparameter'),(40,'parameter','tissue','parameter'),(41,'measure','tissue','measure'),(42,'measurement event','tissue','measurementevent'),(43,'mouse tissue type','tissue','mousetissuetype'),(44,'collection protocol','tissue','collectionprotocol'),(45,'participant sponsor','tissue','participantsponsor'),(46,'principal investigator','tissue','principalinvestigator'),(47,'collection protocol participant','tissue','collectionprotocolparticipant'),(48,'collection protocol sponsor','tissue','collectionprotocolsponsor'),(49,'collection protocol investigator','tissue','collectionprotocolinvestigator'),(50,'experiment','tissue','experiment'),(51,'aliquot experiment','tissue','aliquotexperiment'),(52,'aliquot type experiment','tissue','aliquottypeexperiment'),(100,'member','tissue','member'),(101,'feature der aliq type','tissue','featurederaliqtype'),(102,'feature der protocol','tissue','featurederprotocol'),(103,'feature derivation','tissue','featurederivation'),(104,'instrument','tissue','instrument'),(105,'web service','tissue','webservice'),(106,'experiment schedule','tissue','experimentschedule'),(107,'mask','tissue','mask'),(108,'mask operator','tissue','maskoperator'),(109,'mask mask field','tissue','maskmaskfield'),(110,'mask field','tissue','maskfield'),(111,'clinical feature','tissue','clinicalfeature'),(112,'collection clinical feature','tissue','collectionclinicalfeature'),(113,'courier','tissue','courier'),(114,'aliquot transfer schedule','tissue','aliquottransferschedule'),(115,'transfer schedule','tissue','transferschedule'),(116,'transfer','tissue','transfer');
/*!40000 ALTER TABLE `django_content_type` ENABLE KEYS */;
UNLOCK TABLES;

--
-- Table structure for table `django_session`
--

DROP TABLE IF EXISTS `django_session`;
/*!40101 SET @saved_cs_client     = @@character_set_client */;
/*!40101 SET character_set_client = utf8 */;
CREATE TABLE `django_session` (
  `session_key` varchar(40) NOT NULL,
  `session_data` longtext NOT NULL,
  `expire_date` datetime NOT NULL,
  PRIMARY KEY (`session_key`),
  KEY `django_session_3da3d3d8` (`expire_date`)
) ENGINE=InnoDB DEFAULT CHARSET=latin1;
/*!40101 SET character_set_client = @saved_cs_client */;

--
-- Dumping data for table `django_session`
--

LOCK TABLES `django_session` WRITE;
/*!40000 ALTER TABLE `django_session` DISABLE KEYS */;
/*!40000 ALTER TABLE `django_session` ENABLE KEYS */;
UNLOCK TABLES;

--
-- Table structure for table `django_site`
--

DROP TABLE IF EXISTS `django_site`;
/*!40101 SET @saved_cs_client     = @@character_set_client */;
/*!40101 SET character_set_client = utf8 */;
CREATE TABLE `django_site` (
  `id` int(11) NOT NULL AUTO_INCREMENT,
  `domain` varchar(100) NOT NULL,
  `name` varchar(50) NOT NULL,
  PRIMARY KEY (`id`)
) ENGINE=InnoDB AUTO_INCREMENT=2 DEFAULT CHARSET=latin1;
/*!40101 SET character_set_client = @saved_cs_client */;

--
-- Dumping data for table `django_site`
--

LOCK TABLES `django_site` WRITE;
/*!40000 ALTER TABLE `django_site` DISABLE KEYS */;
INSERT INTO `django_site` VALUES (1,'https://lassrv.polito.it','LASDomain');
/*!40000 ALTER TABLE `django_site` ENABLE KEYS */;
UNLOCK TABLES;

--
-- Table structure for table `drug`
--

DROP TABLE IF EXISTS `drug`;
/*!40101 SET @saved_cs_client     = @@character_set_client */;
/*!40101 SET character_set_client = utf8 */;
CREATE TABLE `drug` (
  `id` int(11) NOT NULL AUTO_INCREMENT,
  `name` varchar(100) NOT NULL,
  `externalId` int(11) DEFAULT NULL,
  PRIMARY KEY (`id`)
) ENGINE=InnoDB AUTO_INCREMENT=9 DEFAULT CHARSET=latin1;
/*!40101 SET character_set_client = @saved_cs_client */;

--
-- Dumping data for table `drug`
--

LOCK TABLES `drug` WRITE;
/*!40000 ALTER TABLE `drug` DISABLE KEYS */;
INSERT INTO `drug` VALUES (1,'Drug1',NULL),(2,'Drug2',NULL),(3,'Drug3',NULL),(4,'Drug4',NULL);
/*!40000 ALTER TABLE `drug` ENABLE KEYS */;
UNLOCK TABLES;

--
-- Table structure for table `experiment`
--

DROP TABLE IF EXISTS `experiment`;
/*!40101 SET @saved_cs_client     = @@character_set_client */;
/*!40101 SET character_set_client = utf8 */;
CREATE TABLE `experiment` (
  `id` int(11) NOT NULL AUTO_INCREMENT,
  `name` varchar(45) NOT NULL,
  PRIMARY KEY (`id`)
) ENGINE=InnoDB AUTO_INCREMENT=14 DEFAULT CHARSET=latin1;
/*!40101 SET character_set_client = @saved_cs_client */;

--
-- Dumping data for table `experiment`
--

LOCK TABLES `experiment` WRITE;
/*!40000 ALTER TABLE `experiment` DISABLE KEYS */;
INSERT INTO `experiment` VALUES (1,'MicroArray'),(2,'SangerSequencing'),(3,'RealTimePCR'),(4,'Histology-IHC'),(5,'Collaboration'),(6,'WesternBlots'),(7,'Beaming'),(8,'CellLineGeneration'),(10,'Sequenom'),(11,'CellLineThawing'),(12,'DigitalPCR'),(13,'NextGenerationSequencing');
/*!40000 ALTER TABLE `experiment` ENABLE KEYS */;
UNLOCK TABLES;

--
-- Table structure for table `experimentschedule`
--

DROP TABLE IF EXISTS `experimentschedule`;
/*!40101 SET @saved_cs_client     = @@character_set_client */;
/*!40101 SET character_set_client = utf8 */;
CREATE TABLE `experimentschedule` (
  `id` int(11) NOT NULL AUTO_INCREMENT,
  `scheduleDate` date NOT NULL,
  `operator` int(11) NOT NULL,
  PRIMARY KEY (`id`),
  KEY `fk_experimentschedule_1` (`operator`),
  CONSTRAINT `fk_experimentschedule_1` FOREIGN KEY (`operator`) REFERENCES `auth_user` (`id`) ON DELETE NO ACTION ON UPDATE NO ACTION
) ENGINE=InnoDB AUTO_INCREMENT=2 DEFAULT CHARSET=latin1;
/*!40101 SET character_set_client = @saved_cs_client */;

--
-- Dumping data for table `experimentschedule`
--

LOCK TABLES `experimentschedule` WRITE;
/*!40000 ALTER TABLE `experimentschedule` DISABLE KEYS */;
insert into experimentschedule values(1,'2014-03-13',4);
/*!40000 ALTER TABLE `experimentschedule` ENABLE KEYS */;
UNLOCK TABLES;

--
-- Table structure for table `feature`
--

DROP TABLE IF EXISTS `feature`;
/*!40101 SET @saved_cs_client     = @@character_set_client */;
/*!40101 SET character_set_client = utf8 */;
CREATE TABLE `feature` (
  `id` int(11) NOT NULL AUTO_INCREMENT,
  `idAliquotType` int(11) NOT NULL,
  `name` varchar(30) NOT NULL,
  `measureUnit` varchar(20) DEFAULT NULL,
  PRIMARY KEY (`id`),
  KEY `fk_Feature_AliquotType1` (`idAliquotType`),
  CONSTRAINT `fk_Feature_AliquotType1` FOREIGN KEY (`idAliquotType`) REFERENCES `aliquottype` (`id`) ON DELETE NO ACTION ON UPDATE NO ACTION
) ENGINE=InnoDB AUTO_INCREMENT=36 DEFAULT CHARSET=latin1;
/*!40101 SET character_set_client = @saved_cs_client */;

--
-- Dumping data for table `feature`
--

LOCK TABLES `feature` WRITE;
/*!40000 ALTER TABLE `feature` DISABLE KEYS */;
INSERT INTO `feature` VALUES (1,1,'NumberOfPieces',''),(2,2,'NumberOfPieces',''),(3,3,'NumberOfPieces',''),(4,4,'NumberOfPieces',''),(5,5,'NumberOfPieces',''),(6,6,'NumberOfPieces',''),(7,7,'Concentration','ng/ul'),(8,7,'Volume','ul'),(9,7,'OriginalConcentration','ng/ul'),(10,7,'OriginalVolume','ul'),(11,8,'Concentration','ng/ul'),(12,8,'Volume','ul'),(13,8,'OriginalConcentration','ng/ul'),(14,8,'OriginalVolume','ul'),(15,9,'Concentration','ng/ul'),(16,9,'Volume','ul'),(17,9,'OriginalConcentration','ng/ul'),(18,9,'OriginalVolume','ul'),(19,10,'Concentration','ng/ul'),(20,10,'Volume','ul'),(21,10,'OriginalConcentration','ng/ul'),(22,10,'OriginalVolume','ul'),(23,1,'Volume','ul'),(24,2,'Volume','ul'),(25,11,'Volume','ul'),(26,12,'Volume','ul'),(27,1,'Count','cell/ml'),(28,13,'Volume','ul'),(29,14,'Volume','ul'),(30,15,'Thickness','um'),(31,16,'Thickness','um'),(32,17,'Concentration','ug/ul'),(33,17,'OriginalConcentration','ug/ul'),(34,17,'Volume','ul'),(35,17,'OriginalVolume','ul');
/*!40000 ALTER TABLE `feature` ENABLE KEYS */;
UNLOCK TABLES;

--
-- Table structure for table `featurederaliqtype`
--

DROP TABLE IF EXISTS `featurederaliqtype`;
/*!40101 SET @saved_cs_client     = @@character_set_client */;
/*!40101 SET character_set_client = utf8 */;
CREATE TABLE `featurederaliqtype` (
  `id` int(11) NOT NULL AUTO_INCREMENT,
  `idFeatureDerivation` int(11) NOT NULL,
  `idAliqType` int(11) NOT NULL,
  `unityMeasure` varchar(20) NOT NULL,
  PRIMARY KEY (`id`),
  KEY `fk_idFeatDer_FeatureDerivation` (`idFeatureDerivation`),
  KEY `fk_idAliqType_AliquotType` (`idAliqType`),
  CONSTRAINT `fk_idAliqType_AliquotType` FOREIGN KEY (`idAliqType`) REFERENCES `aliquottype` (`id`) ON DELETE NO ACTION ON UPDATE NO ACTION,
  CONSTRAINT `fk_idFeatDer_FeatureDerivation` FOREIGN KEY (`idFeatureDerivation`) REFERENCES `featurederivation` (`id`) ON DELETE NO ACTION ON UPDATE NO ACTION
) ENGINE=InnoDB AUTO_INCREMENT=49 DEFAULT CHARSET=latin1;
/*!40101 SET character_set_client = @saved_cs_client */;

--
-- Dumping data for table `featurederaliqtype`
--

LOCK TABLES `featurederaliqtype` WRITE;
/*!40000 ALTER TABLE `featurederaliqtype` DISABLE KEYS */;
INSERT INTO `featurederaliqtype` VALUES (1,1,1,'mg'),(2,4,1,'ul'),(3,5,1,'ul'),(4,6,1,''),(5,7,1,'ng/ul'),(6,1,2,'mg'),(7,4,2,'ul'),(8,5,2,'ul'),(9,6,2,''),(10,7,2,'ng/ul'),(11,1,3,'mg'),(12,4,3,'ul'),(13,5,3,'ul'),(14,6,3,''),(15,7,3,'ng/ul'),(16,1,4,'mg'),(17,4,4,'ul'),(18,5,4,'ul'),(19,6,4,''),(20,7,4,'ng/ul'),(32,1,8,'ug'),(33,2,8,'ul'),(34,3,8,'ul'),(35,4,8,'ul'),(36,5,8,'ul'),(37,6,8,''),(38,7,8,'ng/ul'),(39,2,11,'ul'),(40,4,11,'ul'),(41,5,11,'ul'),(42,6,11,''),(43,7,11,'ng/ul'),(44,2,12,'ul'),(45,4,12,'ul'),(46,5,12,'ul'),(47,6,12,''),(48,7,12,'ng/ul');
/*!40000 ALTER TABLE `featurederaliqtype` ENABLE KEYS */;
UNLOCK TABLES;

--
-- Table structure for table `featurederivation`
--

DROP TABLE IF EXISTS `featurederivation`;
/*!40101 SET @saved_cs_client     = @@character_set_client */;
/*!40101 SET character_set_client = utf8 */;
CREATE TABLE `featurederivation` (
  `id` int(11) NOT NULL AUTO_INCREMENT,
  `name` varchar(50) NOT NULL,
  PRIMARY KEY (`id`)
) ENGINE=InnoDB AUTO_INCREMENT=12 DEFAULT CHARSET=latin1;
/*!40101 SET character_set_client = @saved_cs_client */;

--
-- Dumping data for table `featurederivation`
--

LOCK TABLES `featurederivation` WRITE;
/*!40000 ALTER TABLE `featurederivation` DISABLE KEYS */;
INSERT INTO `featurederivation` VALUES (1,'LoadQuantity'),(2,'LoadVolume'),(3,'MaxVolume'),(4,'ExpectedVolume'),(5,'volume_Aliquot'),(6,'number_Aliquot'),(7,'concentration_Aliquot'),(8,'Instrument'),(9,'SlideType'),(10,'Thickness'),(11,'Geometry');
/*!40000 ALTER TABLE `featurederivation` ENABLE KEYS */;
UNLOCK TABLES;

--
-- Table structure for table `featurederprotocol`
--

DROP TABLE IF EXISTS `featurederprotocol`;
/*!40101 SET @saved_cs_client     = @@character_set_client */;
/*!40101 SET character_set_client = utf8 */;
CREATE TABLE `featurederprotocol` (
  `id` int(11) NOT NULL AUTO_INCREMENT,
  `idDerProtocol` int(11) NOT NULL,
  `idFeatureDerivation` int(11) NOT NULL,
  `value` double NOT NULL,
  `unityMeasure` varchar(20) NOT NULL,
  PRIMARY KEY (`id`),
  KEY `fk_idDerProtocol_idDerivationProtocol` (`idDerProtocol`),
  KEY `fk_idFeatureDerivation_featDer` (`idFeatureDerivation`),
  CONSTRAINT `fk_idDerProtocol_idDerivationProtocol` FOREIGN KEY (`idDerProtocol`) REFERENCES `derivationprotocol` (`id`) ON DELETE NO ACTION ON UPDATE NO ACTION,
  CONSTRAINT `fk_idFeatureDerivation_featDer` FOREIGN KEY (`idFeatureDerivation`) REFERENCES `featurederivation` (`id`) ON DELETE NO ACTION ON UPDATE NO ACTION
) ENGINE=InnoDB AUTO_INCREMENT=55 DEFAULT CHARSET=latin1;
/*!40101 SET character_set_client = @saved_cs_client */;

--
-- Dumping data for table `featurederprotocol`
--

LOCK TABLES `featurederprotocol` WRITE;
/*!40000 ALTER TABLE `featurederprotocol` DISABLE KEYS */;
INSERT INTO `featurederprotocol` VALUES (1,1,1,20,'mg'),(2,1,4,30,'ul'),(3,1,5,10,'ul'),(4,1,6,5,''),(5,1,7,500,'ng/ul'),(6,2,1,50,'mg'),(7,2,4,100,'ul'),(8,2,5,10,'ul'),(9,2,6,5,''),(10,2,7,100,'ng/ul'),(11,3,1,0.5,'ug'),(12,3,2,2,'ul'),(13,3,3,11,'ul'),(14,3,4,100,'ul'),(15,3,5,15,'ul'),(16,3,6,2,''),(17,3,7,150,'ng/ul'),(18,4,1,1,'ug'),(19,4,2,2,'ul'),(20,4,3,16,'ul'),(21,4,4,20,'ul'),(22,4,5,20,'ul'),(23,4,6,1,''),(24,4,7,3000,'ng/ul'),(25,12,2,1000,'ul'),(26,12,4,140,'ul'),(27,12,5,140,'ul'),(28,12,6,1,''),(29,12,7,10000,'ng/ul'),(45,15,1,0,'mg'),(46,15,4,0,''),(47,15,5,20,'ul'),(48,15,6,1,''),(49,15,7,3000,'ng/ul'),(50,16,1,0,'mg'),(51,16,4,0,''),(52,16,5,20,'ul'),(53,16,6,1,''),(54,16,7,3000,'ng/ul');
/*!40000 ALTER TABLE `featurederprotocol` ENABLE KEYS */;
UNLOCK TABLES;

--
-- Table structure for table `featureslideprotocol`
--

DROP TABLE IF EXISTS `featureslideprotocol`;
/*!40101 SET @saved_cs_client     = @@character_set_client */;
/*!40101 SET character_set_client = utf8 */;
CREATE TABLE `featureslideprotocol` (
  `id` int(11) NOT NULL AUTO_INCREMENT,
  `idSlideProtocol` int(11) NOT NULL,
  `idFeatureDerivation` int(11) NOT NULL,
  `value` varchar(30) NOT NULL,
  `unityMeasure` varchar(20) DEFAULT NULL,
  PRIMARY KEY (`id`),
  KEY `fk_featureslideprotocol_1` (`idSlideProtocol`),
  KEY `fk_featureslideprotocol_2` (`idFeatureDerivation`),
  CONSTRAINT `fk_featureslideprotocol_1` FOREIGN KEY (`idSlideProtocol`) REFERENCES `slideprotocol` (`id`) ON DELETE NO ACTION ON UPDATE NO ACTION,
  CONSTRAINT `fk_featureslideprotocol_2` FOREIGN KEY (`idFeatureDerivation`) REFERENCES `featurederivation` (`id`) ON DELETE NO ACTION ON UPDATE NO ACTION
) ENGINE=InnoDB AUTO_INCREMENT=9 DEFAULT CHARSET=latin1;
/*!40101 SET character_set_client = @saved_cs_client */;

--
-- Dumping data for table `featureslideprotocol`
--

LOCK TABLES `featureslideprotocol` WRITE;
/*!40000 ALTER TABLE `featureslideprotocol` DISABLE KEYS */;
INSERT INTO `featureslideprotocol` VALUES (1,1,8,'Cryostat',NULL),(2,1,9,'SlideCryostat',NULL),(3,1,10,'10','um'),(4,1,11,'1x3',NULL),(5,2,8,'Microtome',NULL),(6,2,9,'SlideMicrotome',NULL),(7,2,10,'5','um'),(8,2,11,'1x2',NULL);
/*!40000 ALTER TABLE `featureslideprotocol` ENABLE KEYS */;
UNLOCK TABLES;

--
-- Table structure for table `instrument`
--

DROP TABLE IF EXISTS `instrument`;
/*!40101 SET @saved_cs_client     = @@character_set_client */;
/*!40101 SET character_set_client = utf8 */;
CREATE TABLE `instrument` (
  `id` int(11) NOT NULL AUTO_INCREMENT,
  `code` varchar(45) NOT NULL,
  `name` varchar(45) NOT NULL,
  `manufacturer` varchar(45) DEFAULT NULL,
  `description` varchar(150) DEFAULT NULL,
  PRIMARY KEY (`id`)
) ENGINE=InnoDB AUTO_INCREMENT=6 DEFAULT CHARSET=latin1;
/*!40101 SET character_set_client = @saved_cs_client */;

--
-- Dumping data for table `instrument`
--

LOCK TABLES `instrument` WRITE;
/*!40000 ALTER TABLE `instrument` DISABLE KEYS */;
INSERT INTO `instrument` VALUES (1,'3030','Instrument3','Prod3',''),(2,'2020','Instrument2','Prod2',''),(3,'1010','Instrument1','Prod1',''),(5,'4040','Specrophotometer1','Prod3','');
/*!40000 ALTER TABLE `instrument` ENABLE KEYS */;
UNLOCK TABLES;

--
-- Table structure for table `kit`
--

DROP TABLE IF EXISTS `kit`;
/*!40101 SET @saved_cs_client     = @@character_set_client */;
/*!40101 SET character_set_client = utf8 */;
CREATE TABLE `kit` (
  `id` int(11) NOT NULL AUTO_INCREMENT,
  `idKitType` int(11) NOT NULL,
  `barcode` varchar(45) NOT NULL,
  `openDate` date DEFAULT NULL,
  `expirationDate` date NOT NULL,
  `remainingCapacity` int(11) NOT NULL,
  `lotNumber` varchar(45) DEFAULT NULL,
  PRIMARY KEY (`id`),
  KEY `fk_KitBatch_Kits1` (`idKitType`),
  CONSTRAINT `fk_KitBatch_Kits1` FOREIGN KEY (`idKitType`) REFERENCES `kittype` (`id`) ON DELETE NO ACTION ON UPDATE NO ACTION
) ENGINE=InnoDB AUTO_INCREMENT=6 DEFAULT CHARSET=latin1;
/*!40101 SET character_set_client = @saved_cs_client */;

--
-- Dumping data for table `kit`
--

LOCK TABLES `kit` WRITE;
/*!40000 ALTER TABLE `kit` DISABLE KEYS */;
INSERT INTO `kit` VALUES (1,5,'kitcRNA',NULL,'2013-11-07',50,'Lot4'),(2,3,'kitcDNA',NULL,'2013-11-07',50,'Lot3'),(3,2,'kitDNA','2013-11-07','2013-11-13',25,'Lot2'),(4,1,'kitRNA','2013-11-14','2013-11-13',50,'Lot1');
/*!40000 ALTER TABLE `kit` ENABLE KEYS */;
UNLOCK TABLES;

--
-- Table structure for table `kit_audit`
--

DROP TABLE IF EXISTS `kit_audit`;
/*!40101 SET @saved_cs_client     = @@character_set_client */;
/*!40101 SET character_set_client = utf8 */;
CREATE TABLE `kit_audit` (
  `id` int(11) NOT NULL,
  `idKitType` int(11) NOT NULL,
  `barcode` varchar(45) NOT NULL,
  `openDate` date DEFAULT NULL,
  `expirationDate` date NOT NULL,
  `remainingCapacity` int(11) NOT NULL,
  `lotNumber` varchar(45) DEFAULT NULL,
  `username` varchar(30) NOT NULL,
  `_audit_id` int(11) NOT NULL AUTO_INCREMENT,
  `_audit_timestamp` datetime NOT NULL,
  `_audit_change_type` varchar(1) NOT NULL,
  PRIMARY KEY (`_audit_id`)
) ENGINE=InnoDB AUTO_INCREMENT=21 DEFAULT CHARSET=latin1;
/*!40101 SET character_set_client = @saved_cs_client */;

--
-- Dumping data for table `kit_audit`
--

LOCK TABLES `kit_audit` WRITE;
/*!40000 ALTER TABLE `kit_audit` DISABLE KEYS */;
INSERT INTO `kit_audit` VALUES (1,1,'gdfgre',NULL,'2013-11-07',50,'swdw','lasdemo',1,'2013-11-07 10:32:23','I'),(2,1,'htrt',NULL,'2013-11-07',50,'swdw','lasdemo',2,'2013-11-07 10:32:23','I'),(3,3,'kit1',NULL,'2013-11-13',50,'ss','emanuele.geda',3,'2013-11-07 11:47:18','I'),(4,3,'kit2',NULL,'2013-11-13',50,'ss','emanuele.geda',4,'2013-11-07 11:47:18','I'),(3,3,'kit1','2013-11-07','2013-11-13',49,'ss','emanuele.geda',5,'2013-11-07 11:50:32','U'),(5,1,'7',NULL,'2013-11-12',50,'55','s189450',6,'2013-11-12 10:04:26','I'),(4,1,'kit2',NULL,'2013-11-13',50,'ss','emanuele.geda',7,'2013-11-13 12:15:00','U'),(3,2,'kit1','2013-11-07','2013-11-13',49,'ss','emanuele.geda',8,'2013-11-14 09:37:39','U'),(3,2,'kit1','2013-11-07','2013-11-13',48,'ss','emanuele.geda',9,'2013-11-14 09:38:53','U'),(3,2,'kit1','2013-11-07','2013-11-13',23,'ss','emanuele.geda',10,'2013-11-14 09:40:32','U'),(4,1,'kit2','2013-11-14','2013-11-13',49,'ss','emanuele.geda',11,'2013-11-14 09:42:07','U'),(3,2,'kit1','2013-11-07','2013-11-13',22,'ss','emanuele.geda',12,'2013-11-14 09:45:54','U'),(4,1,'kit2','2013-11-14','2013-11-13',48,'ss','emanuele.geda',13,'2013-11-14 09:52:09','U'),(4,1,'kit RNA','2013-11-14','2013-11-13',50,'Lot1','emanuele.geda',14,'2013-11-21 11:11:42','U'),(3,2,'kit DNA','2013-11-07','2013-11-13',25,'Lot2','emanuele.geda',15,'2013-11-21 11:11:59','U'),(2,3,'kitcDNA',NULL,'2013-11-07',50,'Lot3','emanuele.geda',16,'2013-11-21 11:12:36','U'),(3,2,'kitDNA','2013-11-07','2013-11-13',25,'Lot2','emanuele.geda',17,'2013-11-21 11:12:43','U'),(4,1,'kitRNA','2013-11-14','2013-11-13',50,'Lot1','emanuele.geda',18,'2013-11-21 11:12:49','U'),(1,5,'kitcRNA',NULL,'2013-11-07',50,'Lot4','emanuele.geda',19,'2013-11-21 11:13:14','U'),(5,1,'7',NULL,'2013-11-12',50,'55','emanuele.geda',20,'2013-11-21 11:13:23','D');
/*!40000 ALTER TABLE `kit_audit` ENABLE KEYS */;
UNLOCK TABLES;
/*!50003 SET @saved_cs_client      = @@character_set_client */ ;
/*!50003 SET @saved_cs_results     = @@character_set_results */ ;
/*!50003 SET @saved_col_connection = @@collation_connection */ ;
/*!50003 SET character_set_client  = utf8 */ ;
/*!50003 SET character_set_results = utf8 */ ;
/*!50003 SET collation_connection  = utf8_general_ci */ ;
/*!50003 SET @saved_sql_mode       = @@sql_mode */ ;
/*!50003 SET sql_mode              = 'NO_AUTO_VALUE_ON_ZERO' */ ;
DELIMITER ;;
CREATE TRIGGER `audit_kit` BEFORE INSERT ON `kit_audit` FOR EACH ROW begin
if new._audit_change_type= 'I' then
select id into @id
from kit
where kit.barcode= new.barcode and kit.idKitType=new.idKitType;
set new.id=@id;
END if;
END ;;
DELIMITER ;
/*!50003 SET sql_mode              = @saved_sql_mode */ ;
/*!50003 SET character_set_client  = @saved_cs_client */ ;
/*!50003 SET character_set_results = @saved_cs_results */ ;
/*!50003 SET collation_connection  = @saved_col_connection */ ;

--
-- Table structure for table `kittype`
--

DROP TABLE IF EXISTS `kittype`;
/*!40101 SET @saved_cs_client     = @@character_set_client */;
/*!40101 SET character_set_client = utf8 */;
CREATE TABLE `kittype` (
  `id` int(11) NOT NULL AUTO_INCREMENT,
  `name` varchar(45) NOT NULL,
  `capacity` int(11) NOT NULL,
  `producer` varchar(45) DEFAULT NULL,
  `catalogueNumber` varchar(45) DEFAULT NULL,
  `instructions` varchar(50) DEFAULT NULL,
  PRIMARY KEY (`id`)
) ENGINE=InnoDB AUTO_INCREMENT=6 DEFAULT CHARSET=latin1;
/*!40101 SET character_set_client = @saved_cs_client */;

--
-- Dumping data for table `kittype`
--

LOCK TABLES `kittype` WRITE;
/*!40000 ALTER TABLE `kittype` DISABLE KEYS */;
INSERT INTO `kittype` VALUES (1,'Kit type RNA',50,'Prod3','catalogue1',''),(2,'Kit type DNA',25,'Prod2','catalogue2',''),(3,'Kit type cDNA',50,'Prod1','catalogue1',''),(5,'Kit type cRNA',50,'Prod2','catalogue2','');
/*!40000 ALTER TABLE `kittype` ENABLE KEYS */;
UNLOCK TABLES;

--
-- Table structure for table `las_auth_session`
--

DROP TABLE IF EXISTS `las_auth_session`;
/*!40101 SET @saved_cs_client     = @@character_set_client */;
/*!40101 SET character_set_client = utf8 */;
CREATE TABLE `las_auth_session` (
  `session_key` varchar(40) NOT NULL,
  `django_session_key` varchar(40) DEFAULT NULL,
  `login_expire_date` datetime NOT NULL,
  `next_url` longtext NOT NULL,
  `session_open` tinyint(1) NOT NULL,
  PRIMARY KEY (`session_key`),
  KEY `django_session_key_refs_session_key_57a5cc49` (`django_session_key`),
  CONSTRAINT `django_session_key_refs_session_key_57a5cc49` FOREIGN KEY (`django_session_key`) REFERENCES `django_session` (`session_key`)
) ENGINE=InnoDB DEFAULT CHARSET=latin1;
/*!40101 SET character_set_client = @saved_cs_client */;

--
-- Dumping data for table `las_auth_session`
--

LOCK TABLES `las_auth_session` WRITE;
/*!40000 ALTER TABLE `las_auth_session` DISABLE KEYS */;

/*!40000 ALTER TABLE `las_auth_session` ENABLE KEYS */;
UNLOCK TABLES;

--
-- Table structure for table `mask`
--

DROP TABLE IF EXISTS `mask`;
/*!40101 SET @saved_cs_client     = @@character_set_client */;
/*!40101 SET character_set_client = utf8 */;
CREATE TABLE `mask` (
  `id` int(11) NOT NULL AUTO_INCREMENT,
  `name` varchar(40) NOT NULL,
  PRIMARY KEY (`id`)
) ENGINE=InnoDB AUTO_INCREMENT=4 DEFAULT CHARSET=latin1;
/*!40101 SET character_set_client = @saved_cs_client */;

--
-- Dumping data for table `mask`
--

LOCK TABLES `mask` WRITE;
/*!40000 ALTER TABLE `mask` DISABLE KEYS */;
INSERT INTO `mask` VALUES (1,'Mask1'),(2,'Mask2'),(3,'NoMask');
/*!40000 ALTER TABLE `mask` ENABLE KEYS */;
UNLOCK TABLES;

--
-- Table structure for table `maskfield`
--

DROP TABLE IF EXISTS `maskfield`;
/*!40101 SET @saved_cs_client     = @@character_set_client */;
/*!40101 SET character_set_client = utf8 */;
CREATE TABLE `maskfield` (
  `id` int(11) NOT NULL AUTO_INCREMENT,
  `name` varchar(40) NOT NULL,
  `identifier` varchar(10) DEFAULT NULL,
  PRIMARY KEY (`id`)
) ENGINE=InnoDB AUTO_INCREMENT=20 DEFAULT CHARSET=latin1;
/*!40101 SET character_set_client = @saved_cs_client */;

--
-- Dumping data for table `maskfield`
--

LOCK TABLES `maskfield` WRITE;
/*!40000 ALTER TABLE `maskfield` DISABLE KEYS */;
INSERT INTO `maskfield` VALUES (1,'Collection type','-1'),(2,'Case','-1'),(3,'Tissue','-1'),(4,'Aliquot type','-1'),(5,'Aliquot ID','-1'),(6,'Further info','-1'),(7,'Coll. date','-1'),(8,'Barcode','-1'),(9,'Volume(ul)','34'),(10,'Conc.(ng/ul)','33'),(11,'InformedCons.','-1'),(12,'GE/Vex (GE/ml)','31'),(14,'24-H urines(ml)','32'),(15,'Avail.','-1'),(17,'Notes','-1'),(18,'Extr. date','-1'),(19,'Coll. date(1)','-1');
/*!40000 ALTER TABLE `maskfield` ENABLE KEYS */;
UNLOCK TABLES;

--
-- Table structure for table `maskmaskfield`
--

DROP TABLE IF EXISTS `maskmaskfield`;
/*!40101 SET @saved_cs_client     = @@character_set_client */;
/*!40101 SET character_set_client = utf8 */;
CREATE TABLE `maskmaskfield` (
  `id` int(11) NOT NULL AUTO_INCREMENT,
  `idMask` int(11) NOT NULL,
  `idMaskField` int(11) NOT NULL,
  `encrypted` tinyint(1) NOT NULL,
  PRIMARY KEY (`id`),
  KEY `fk_maskmaskfield_1` (`idMask`),
  KEY `fk_maskmaskfield_2` (`idMaskField`),
  CONSTRAINT `fk_maskmaskfield_1` FOREIGN KEY (`idMask`) REFERENCES `mask` (`id`) ON DELETE NO ACTION ON UPDATE NO ACTION,
  CONSTRAINT `fk_maskmaskfield_2` FOREIGN KEY (`idMaskField`) REFERENCES `maskfield` (`id`) ON DELETE NO ACTION ON UPDATE NO ACTION
) ENGINE=InnoDB AUTO_INCREMENT=53 DEFAULT CHARSET=latin1;
/*!40101 SET character_set_client = @saved_cs_client */;

--
-- Dumping data for table `maskmaskfield`
--

LOCK TABLES `maskmaskfield` WRITE;
/*!40000 ALTER TABLE `maskmaskfield` DISABLE KEYS */;
INSERT INTO `maskmaskfield` VALUES (1,1,1,0),(2,1,2,0),(3,1,3,0),(4,1,4,0),(5,1,5,0),(7,1,7,0),(8,1,8,0),(9,2,1,0),(10,2,2,1),(12,2,4,0),(13,2,5,0),(14,2,3,0),(15,2,7,1),(16,2,8,0),(17,3,1,0),(18,3,2,0),(19,3,3,0),(20,3,4,0),(22,3,6,0),(23,3,7,0),(26,3,5,0),(27,3,8,0),(28,3,9,0),(29,3,10,0),(30,1,9,0),(31,1,10,0),(32,1,11,0),(33,1,12,0),(35,1,14,0),(36,1,15,0),(37,3,15,0),(39,1,17,0),(41,2,17,0),(43,3,17,0),(44,1,18,0),(45,2,18,0),(46,3,18,0),(50,1,19,0),(51,2,19,0),(52,3,19,0);
/*!40000 ALTER TABLE `maskmaskfield` ENABLE KEYS */;
UNLOCK TABLES;

--
-- Table structure for table `maskoperator`
--

DROP TABLE IF EXISTS `maskoperator`;
/*!40101 SET @saved_cs_client     = @@character_set_client */;
/*!40101 SET character_set_client = utf8 */;
CREATE TABLE `maskoperator` (
  `id` int(11) NOT NULL AUTO_INCREMENT,
  `idMask` int(11) NOT NULL,
  `operator` int(11) NOT NULL,
  PRIMARY KEY (`id`),
  KEY `fk_maskoperator_1` (`idMask`),
  KEY `fk_maskoperator_2` (`operator`),
  CONSTRAINT `fk_maskoperator_1` FOREIGN KEY (`idMask`) REFERENCES `mask` (`id`) ON DELETE NO ACTION ON UPDATE NO ACTION,
  CONSTRAINT `fk_maskoperator_2` FOREIGN KEY (`operator`) REFERENCES `auth_user` (`id`) ON DELETE NO ACTION ON UPDATE NO ACTION
) ENGINE=InnoDB AUTO_INCREMENT=6 DEFAULT CHARSET=latin1;
/*!40101 SET character_set_client = @saved_cs_client */;

--
-- Dumping data for table `maskoperator`
--

LOCK TABLES `maskoperator` WRITE;
/*!40000 ALTER TABLE `maskoperator` DISABLE KEYS */;
INSERT INTO `maskoperator` VALUES (1,1,26),(2,2,26),(3,1,22),(4,2,22),(5,3,26);
/*!40000 ALTER TABLE `maskoperator` ENABLE KEYS */;
UNLOCK TABLES;

--
-- Table structure for table `measure`
--

DROP TABLE IF EXISTS `measure`;
/*!40101 SET @saved_cs_client     = @@character_set_client */;
/*!40101 SET character_set_client = utf8 */;
CREATE TABLE `measure` (
  `id` int(11) NOT NULL AUTO_INCREMENT,
  `idInstrument` int(11) NOT NULL,
  `name` varchar(30) NOT NULL,
  `measureUnit` varchar(30) NOT NULL,
  PRIMARY KEY (`id`),
  KEY `fk_Measure_Instrument1` (`idInstrument`),
  CONSTRAINT `fk_Measure_Instrument1` FOREIGN KEY (`idInstrument`) REFERENCES `instrument` (`id`) ON DELETE NO ACTION ON UPDATE NO ACTION
) ENGINE=InnoDB AUTO_INCREMENT=16 DEFAULT CHARSET=latin1;
/*!40101 SET character_set_client = @saved_cs_client */;

--
-- Dumping data for table `measure`
--

LOCK TABLES `measure` WRITE;
/*!40000 ALTER TABLE `measure` DISABLE KEYS */;
INSERT INTO `measure` VALUES (1,1,'concentration','ng/ul'),(2,1,'purity','260/280'),(3,1,'purity','260/230'),(4,2,'concentration','ng/ul'),(5,2,'quality','RIN'),(6,2,'purity','ng/ul'),(7,1,'quality','ng/ul'),(10,3,'GE/Vex','GE/ml'),(11,3,'concentration','ng/ul'),(14,5,'concentration','ug/ul'),(15,5,'absorbance','562nm');
/*!40000 ALTER TABLE `measure` ENABLE KEYS */;
UNLOCK TABLES;

--
-- Table structure for table `measurementevent`
--

DROP TABLE IF EXISTS `measurementevent`;
/*!40101 SET @saved_cs_client     = @@character_set_client */;
/*!40101 SET character_set_client = utf8 */;
CREATE TABLE `measurementevent` (
  `id` int(11) NOT NULL AUTO_INCREMENT,
  `idMeasure` int(11) NOT NULL,
  `idQualityEvent` int(11) NOT NULL,
  `value` double NOT NULL,
  PRIMARY KEY (`id`),
  KEY `fk_Measure_MeasureType1` (`idMeasure`),
  KEY `fk_MeasurementEvent_QualityEvent1` (`idQualityEvent`),
  CONSTRAINT `fk_MeasurementEvent_QualityEvent1` FOREIGN KEY (`idQualityEvent`) REFERENCES `qualityevent` (`id`) ON DELETE NO ACTION ON UPDATE NO ACTION,
  CONSTRAINT `fk_Measure_MeasureType1` FOREIGN KEY (`idMeasure`) REFERENCES `measure` (`id`) ON DELETE NO ACTION ON UPDATE NO ACTION
) ENGINE=InnoDB AUTO_INCREMENT=19 DEFAULT CHARSET=latin1;
/*!40101 SET character_set_client = @saved_cs_client */;

--
-- Dumping data for table `measurementevent`
--

LOCK TABLES `measurementevent` WRITE;
/*!40000 ALTER TABLE `measurementevent` DISABLE KEYS */;
INSERT INTO `measurementevent` VALUES (1,1,1,455),(2,2,1,43),(3,3,1,324),(4,1,2,534),(5,2,2,343),(6,3,2,32),(7,1,3,5344),(8,2,3,768),(9,3,3,6757),(10,4,3,564),(11,5,3,345),(12,1,4,8795),(13,2,4,326),(14,3,4,345),(15,1,5,4322),(16,2,5,657),(17,3,5,3445),(18,4,5,654);
/*!40000 ALTER TABLE `measurementevent` ENABLE KEYS */;
UNLOCK TABLES;

--
-- Table structure for table `measureparameter`
--

DROP TABLE IF EXISTS `measureparameter`;
/*!40101 SET @saved_cs_client     = @@character_set_client */;
/*!40101 SET character_set_client = utf8 */;
CREATE TABLE `measureparameter` (
  `id` int(11) NOT NULL AUTO_INCREMENT,
  `idMeasure` int(11) NOT NULL,
  `idParameter` int(11) NOT NULL,
  `idQualityProtocol` int(11) NOT NULL,
  PRIMARY KEY (`id`),
  KEY `fk_MeasureParameter_Measure1` (`idMeasure`),
  KEY `fk_MeasureParameter_Parameter1` (`idParameter`),
  KEY `fk_MeasureParameter_QualityProtocol1` (`idQualityProtocol`),
  CONSTRAINT `fk_MeasureParameter_Measure1` FOREIGN KEY (`idMeasure`) REFERENCES `measure` (`id`) ON DELETE NO ACTION ON UPDATE NO ACTION,
  CONSTRAINT `fk_MeasureParameter_Parameter1` FOREIGN KEY (`idParameter`) REFERENCES `parameter` (`id`) ON DELETE NO ACTION ON UPDATE NO ACTION,
  CONSTRAINT `fk_MeasureParameter_QualityProtocol1` FOREIGN KEY (`idQualityProtocol`) REFERENCES `qualityprotocol` (`id`) ON DELETE NO ACTION ON UPDATE NO ACTION
) ENGINE=InnoDB AUTO_INCREMENT=26 DEFAULT CHARSET=latin1;
/*!40101 SET character_set_client = @saved_cs_client */;

--
-- Dumping data for table `measureparameter`
--

LOCK TABLES `measureparameter` WRITE;
/*!40000 ALTER TABLE `measureparameter` DISABLE KEYS */;
INSERT INTO `measureparameter` VALUES (1,1,1,1),(2,2,1,1),(3,3,1,1),(4,1,1,2),(5,2,1,2),(6,3,1,2),(7,4,1,2),(8,5,1,2),(9,1,1,3),(10,2,1,3),(11,3,1,3),(12,1,1,4),(13,2,1,4),(14,3,1,4),(15,4,1,4),(16,1,1,6),(17,2,1,6),(18,3,1,6),(19,10,1,6),(20,11,1,6),(24,14,1,8),(25,15,1,8);
/*!40000 ALTER TABLE `measureparameter` ENABLE KEYS */;
UNLOCK TABLES;

--
-- Table structure for table `mousetissuetype`
--

DROP TABLE IF EXISTS `mousetissuetype`;
/*!40101 SET @saved_cs_client     = @@character_set_client */;
/*!40101 SET character_set_client = utf8 */;
CREATE TABLE `mousetissuetype` (
  `id` int(11) NOT NULL AUTO_INCREMENT,
  `abbreviation` varchar(3) NOT NULL,
  `longName` varchar(30) NOT NULL,
  PRIMARY KEY (`id`)
) ENGINE=InnoDB AUTO_INCREMENT=9 DEFAULT CHARSET=latin1;
/*!40101 SET character_set_client = @saved_cs_client */;

--
-- Dumping data for table `mousetissuetype`
--

LOCK TABLES `mousetissuetype` WRITE;
/*!40000 ALTER TABLE `mousetissuetype` DISABLE KEYS */;
INSERT INTO `mousetissuetype` VALUES (1,'TUM','Tumor'),(2,'LNG','Lung'),(3,'LIV','Liver'),(4,'GUT','Gut'),(5,'BLD','Blood'),(6,'MLI','Liver Mets'),(7,'MBR','Brain Mets'),(8,'MLN','Lung Mets');
/*!40000 ALTER TABLE `mousetissuetype` ENABLE KEYS */;
UNLOCK TABLES;

--
-- Table structure for table `parameter`
--

DROP TABLE IF EXISTS `parameter`;
/*!40101 SET @saved_cs_client     = @@character_set_client */;
/*!40101 SET character_set_client = utf8 */;
CREATE TABLE `parameter` (
  `id` int(11) NOT NULL AUTO_INCREMENT,
  `name` varchar(30) NOT NULL,
  `measureUnit` varchar(30) NOT NULL,
  PRIMARY KEY (`id`)
) ENGINE=InnoDB AUTO_INCREMENT=2 DEFAULT CHARSET=latin1;
/*!40101 SET character_set_client = @saved_cs_client */;

--
-- Dumping data for table `parameter`
--

LOCK TABLES `parameter` WRITE;
/*!40000 ALTER TABLE `parameter` DISABLE KEYS */;
INSERT INTO `parameter` VALUES (1,'wavelength','nm');
/*!40000 ALTER TABLE `parameter` ENABLE KEYS */;
UNLOCK TABLES;

--
-- Table structure for table `positionschedule`
--

DROP TABLE IF EXISTS `positionschedule`;
/*!40101 SET @saved_cs_client     = @@character_set_client */;
/*!40101 SET character_set_client = utf8 */;
CREATE TABLE `positionschedule` (
  `id` int(11) NOT NULL AUTO_INCREMENT,
  `scheduleDate` date NOT NULL,
  `operator` varchar(30) NOT NULL,
  PRIMARY KEY (`id`)
) ENGINE=InnoDB DEFAULT CHARSET=latin1;
/*!40101 SET character_set_client = @saved_cs_client */;

--
-- Dumping data for table `positionschedule`
--

LOCK TABLES `positionschedule` WRITE;
/*!40000 ALTER TABLE `positionschedule` DISABLE KEYS */;
/*!40000 ALTER TABLE `positionschedule` ENABLE KEYS */;
UNLOCK TABLES;

--
-- Table structure for table `qualityevent`
--

DROP TABLE IF EXISTS `qualityevent`;
/*!40101 SET @saved_cs_client     = @@character_set_client */;
/*!40101 SET character_set_client = utf8 */;
CREATE TABLE `qualityevent` (
  `id` int(11) NOT NULL AUTO_INCREMENT,
  `idQualityProtocol` int(11) NOT NULL,
  `idQualitySchedule` int(11) DEFAULT NULL COMMENT '	',
  `idAliquot` int(11) NOT NULL,
  `idAliquotDerivationSchedule` int(11) DEFAULT NULL,
  `misurationDate` date NOT NULL,
  `insertionDate` date DEFAULT NULL,
  `operator` varchar(45) NOT NULL,
  `quantityUsed` double DEFAULT NULL,
  PRIMARY KEY (`id`),
  KEY `fk_QualityEvent_Aliquots1` (`idAliquot`),
  KEY `fk_QualityEvent_QualityProtocol1` (`idQualityProtocol`),
  KEY `fk_QualityEvent_QualitySchedule1` (`idQualitySchedule`),
  KEY `fk_QualityEvent_AliqDerSched1` (`idAliquotDerivationSchedule`),
  CONSTRAINT `fk_QualityEvent_AliqDerSched1` FOREIGN KEY (`idAliquotDerivationSchedule`) REFERENCES `aliquotderivationschedule` (`id`) ON DELETE NO ACTION ON UPDATE NO ACTION,
  CONSTRAINT `fk_QualityEvent_Aliquots1` FOREIGN KEY (`idAliquot`) REFERENCES `aliquot` (`id`) ON DELETE NO ACTION ON UPDATE NO ACTION,
  CONSTRAINT `fk_QualityEvent_QualityProtocol1` FOREIGN KEY (`idQualityProtocol`) REFERENCES `qualityprotocol` (`id`) ON DELETE NO ACTION ON UPDATE NO ACTION,
  CONSTRAINT `fk_QualityEvent_QualitySchedule1` FOREIGN KEY (`idQualitySchedule`) REFERENCES `qualityschedule` (`id`) ON DELETE NO ACTION ON UPDATE NO ACTION
) ENGINE=InnoDB AUTO_INCREMENT=6 DEFAULT CHARSET=latin1;
/*!40101 SET character_set_client = @saved_cs_client */;

--
-- Dumping data for table `qualityevent`
--

LOCK TABLES `qualityevent` WRITE;
/*!40000 ALTER TABLE `qualityevent` DISABLE KEYS */;
INSERT INTO `qualityevent` VALUES (1,1,NULL,3,1,'2013-11-21','2013-11-07','emanuele.geda',1),(2,1,NULL,17,2,'2013-11-14','2013-11-14','emanuele.geda',1),(3,2,NULL,16,3,'2013-11-14','2013-11-14','emanuele.geda',2),(4,3,NULL,25,4,'2013-11-14','2013-11-14','emanuele.geda',1),(5,4,NULL,25,5,'2013-11-14','2013-11-14','emanuele.geda',2);
/*!40000 ALTER TABLE `qualityevent` ENABLE KEYS */;
UNLOCK TABLES;

--
-- Table structure for table `qualityeventfile`
--

DROP TABLE IF EXISTS `qualityeventfile`;
/*!40101 SET @saved_cs_client     = @@character_set_client */;
/*!40101 SET character_set_client = utf8 */;
CREATE TABLE `qualityeventfile` (
  `id` int(11) NOT NULL AUTO_INCREMENT,
  `idQualityEvent` int(11) NOT NULL,
  `file` varchar(150) NOT NULL,
  `judge` varchar(10) NOT NULL,
  PRIMARY KEY (`id`),
  KEY `fk_QualityEventFile_QualityEvent1` (`idQualityEvent`),
  CONSTRAINT `fk_QualityEventFile_QualityEvent1` FOREIGN KEY (`idQualityEvent`) REFERENCES `qualityevent` (`id`) ON DELETE NO ACTION ON UPDATE NO ACTION
) ENGINE=InnoDB DEFAULT CHARSET=latin1;
/*!40101 SET character_set_client = @saved_cs_client */;

--
-- Dumping data for table `qualityeventfile`
--

LOCK TABLES `qualityeventfile` WRITE;
/*!40000 ALTER TABLE `qualityeventfile` DISABLE KEYS */;
/*!40000 ALTER TABLE `qualityeventfile` ENABLE KEYS */;
UNLOCK TABLES;

--
-- Table structure for table `qualityprotocol`
--

DROP TABLE IF EXISTS `qualityprotocol`;
/*!40101 SET @saved_cs_client     = @@character_set_client */;
/*!40101 SET character_set_client = utf8 */;
CREATE TABLE `qualityprotocol` (
  `id` int(11) NOT NULL AUTO_INCREMENT,
  `idAliquotType` int(11) NOT NULL,
  `name` varchar(30) NOT NULL,
  `description` varchar(150) DEFAULT NULL,
  `mandatoryFields` tinyint(4) DEFAULT NULL,
  `quantityUsed` double DEFAULT NULL,
  PRIMARY KEY (`id`),
  KEY `fk_QualityProtocol_AliquotType1` (`idAliquotType`),
  CONSTRAINT `fk_QualityProtocol_AliquotType1` FOREIGN KEY (`idAliquotType`) REFERENCES `aliquottype` (`id`) ON DELETE NO ACTION ON UPDATE NO ACTION
) ENGINE=InnoDB AUTO_INCREMENT=9 DEFAULT CHARSET=latin1;
/*!40101 SET character_set_client = @saved_cs_client */;

--
-- Dumping data for table `qualityprotocol`
--

LOCK TABLES `qualityprotocol` WRITE;
/*!40000 ALTER TABLE `qualityprotocol` DISABLE KEYS */;
INSERT INTO `qualityprotocol` VALUES (1,7,'DNAMeasure','',1,1),(2,8,'RNAMeasure','',1,2),(3,9,'cDNAMeasure','',1,1),(4,10,'cRNAMeasure','',1,2),(5,7,'DNAMeasure2','DNAmm',1,0),(6,7,'DNAMeasure3','circulating DNA',0,19),(8,17,'ProteinMeasure','',1,5);
/*!40000 ALTER TABLE `qualityprotocol` ENABLE KEYS */;
UNLOCK TABLES;

--
-- Table structure for table `qualityschedule`
--

DROP TABLE IF EXISTS `qualityschedule`;
/*!40101 SET @saved_cs_client     = @@character_set_client */;
/*!40101 SET character_set_client = utf8 */;
CREATE TABLE `qualityschedule` (
  `id` int(11) NOT NULL AUTO_INCREMENT,
  `scheduleDate` date NOT NULL,
  `operator` varchar(30) DEFAULT NULL,
  PRIMARY KEY (`id`)
) ENGINE=InnoDB AUTO_INCREMENT=2 DEFAULT CHARSET=latin1;
/*!40101 SET character_set_client = @saved_cs_client */;

--
-- Dumping data for table `qualityschedule`
--

LOCK TABLES `qualityschedule` WRITE;
/*!40000 ALTER TABLE `qualityschedule` DISABLE KEYS */;
INSERT INTO `qualityschedule` VALUES (1,'2013-11-07','emanuele.geda');
/*!40000 ALTER TABLE `qualityschedule` ENABLE KEYS */;
UNLOCK TABLES;

--
-- Table structure for table `samplingevent`
--

DROP TABLE IF EXISTS `samplingevent`;
/*!40101 SET @saved_cs_client     = @@character_set_client */;
/*!40101 SET character_set_client = utf8 */;
CREATE TABLE `samplingevent` (
  `id` int(11) NOT NULL AUTO_INCREMENT,
  `idTissueType` int(11) DEFAULT NULL,
  `idCollection` int(11) NOT NULL,
  `idSource` int(11) NOT NULL,
  `idSerie` int(11) NOT NULL,
  `samplingDate` date NOT NULL,
  PRIMARY KEY (`id`),
  KEY `fk_Tissues_TissuesType1` (`idTissueType`),
  KEY `fk_SamplingEvent_Source1` (`idSource`),
  KEY `fk_SamplingEvent_Series1` (`idSerie`),
  KEY `fk_SamplingEvents_Collection1` (`idCollection`),
  CONSTRAINT `fk_SamplingEvents_Collection1` FOREIGN KEY (`idCollection`) REFERENCES `collection` (`id`) ON DELETE NO ACTION ON UPDATE NO ACTION,
  CONSTRAINT `fk_SamplingEvent_Series1` FOREIGN KEY (`idSerie`) REFERENCES `serie` (`id`) ON DELETE NO ACTION ON UPDATE NO ACTION,
  CONSTRAINT `fk_SamplingEvent_Source1` FOREIGN KEY (`idSource`) REFERENCES `source` (`id`) ON DELETE NO ACTION ON UPDATE NO ACTION,
  CONSTRAINT `fk_Tissues_TissuesType1` FOREIGN KEY (`idTissueType`) REFERENCES `tissuetype` (`id`) ON DELETE NO ACTION ON UPDATE NO ACTION
) ENGINE=InnoDB AUTO_INCREMENT=17 DEFAULT CHARSET=latin1;
/*!40101 SET character_set_client = @saved_cs_client */;

--
-- Dumping data for table `samplingevent`
--

LOCK TABLES `samplingevent` WRITE;
/*!40000 ALTER TABLE `samplingevent` DISABLE KEYS */;
INSERT INTO `samplingevent` VALUES (1,2,1,2,1,'2013-11-07'),(2,17,2,3,1,'2013-11-07'),(3,17,2,3,1,'2013-11-07'),(4,22,3,2,1,'2013-11-07'),(5,17,3,2,1,'2013-11-07'),(7,1,5,2,2,'2013-11-13'),(8,2,5,2,2,'2013-11-13'),(9,2,5,2,3,'2013-11-14'),(10,1,5,2,3,'2013-11-14'),(11,1,5,2,3,'2013-11-14'),(12,1,5,2,3,'2013-11-14'),(13,1,6,4,4,'2013-11-20'),(14,2,7,2,5,'2013-11-21'),(15,2,1,7,1,'2013-11-07'),(16,2,5,7,3,'2013-11-14');
/*!40000 ALTER TABLE `samplingevent` ENABLE KEYS */;
UNLOCK TABLES;

--
-- Table structure for table `serie`
--

DROP TABLE IF EXISTS `serie`;
/*!40101 SET @saved_cs_client     = @@character_set_client */;
/*!40101 SET character_set_client = utf8 */;
CREATE TABLE `serie` (
  `id` int(11) NOT NULL AUTO_INCREMENT,
  `operator` varchar(30) NOT NULL,
  `serieDate` date NOT NULL,
  PRIMARY KEY (`id`)
) ENGINE=InnoDB AUTO_INCREMENT=6 DEFAULT CHARSET=latin1;
/*!40101 SET character_set_client = @saved_cs_client */;

--
-- Dumping data for table `serie`
--

LOCK TABLES `serie` WRITE;
/*!40000 ALTER TABLE `serie` DISABLE KEYS */;
INSERT INTO `serie` VALUES (1,'emanuele.geda','2013-11-07'),(2,'emanuele.geda','2013-11-13'),(3,'emanuele.geda','2013-11-14'),(4,'andrea.bertotti','2013-11-20'),(5,'emanuele.geda','2013-11-21');
/*!40000 ALTER TABLE `serie` ENABLE KEYS */;
UNLOCK TABLES;

--
-- Table structure for table `slideprotocol`
--

DROP TABLE IF EXISTS `slideprotocol`;
/*!40101 SET @saved_cs_client     = @@character_set_client */;
/*!40101 SET character_set_client = utf8 */;
CREATE TABLE `slideprotocol` (
  `id` int(11) NOT NULL AUTO_INCREMENT,
  `name` varchar(40) NOT NULL,
  PRIMARY KEY (`id`)
) ENGINE=InnoDB AUTO_INCREMENT=3 DEFAULT CHARSET=latin1;
/*!40101 SET character_set_client = @saved_cs_client */;

--
-- Dumping data for table `slideprotocol`
--

LOCK TABLES `slideprotocol` WRITE;
/*!40000 ALTER TABLE `slideprotocol` DISABLE KEYS */;
INSERT INTO `slideprotocol` VALUES (1,'Cryostat'),(2,'Microtome');
/*!40000 ALTER TABLE `slideprotocol` ENABLE KEYS */;
UNLOCK TABLES;

--
-- Table structure for table `slideschedule`
--

DROP TABLE IF EXISTS `slideschedule`;
/*!40101 SET @saved_cs_client     = @@character_set_client */;
/*!40101 SET character_set_client = utf8 */;
CREATE TABLE `slideschedule` (
  `id` int(11) NOT NULL AUTO_INCREMENT,
  `scheduleDate` date NOT NULL,
  `operator` int(11) NOT NULL,
  PRIMARY KEY (`id`)
) ENGINE=InnoDB DEFAULT CHARSET=latin1;
/*!40101 SET character_set_client = @saved_cs_client */;

--
-- Dumping data for table `slideschedule`
--

LOCK TABLES `slideschedule` WRITE;
/*!40000 ALTER TABLE `slideschedule` DISABLE KEYS */;
/*!40000 ALTER TABLE `slideschedule` ENABLE KEYS */;
UNLOCK TABLES;

--
-- Table structure for table `source`
--

DROP TABLE IF EXISTS `source`;
/*!40101 SET @saved_cs_client     = @@character_set_client */;
/*!40101 SET character_set_client = utf8 */;
CREATE TABLE `source` (
  `id` int(11) NOT NULL AUTO_INCREMENT,
  `name` varchar(45) NOT NULL,
  `type` varchar(30) NOT NULL,
  PRIMARY KEY (`id`)
) ENGINE=InnoDB AUTO_INCREMENT=15 DEFAULT CHARSET=latin1;
/*!40101 SET character_set_client = @saved_cs_client */;

--
-- Dumping data for table `source`
--

LOCK TABLES `source` WRITE;
/*!40000 ALTER TABLE `source` DISABLE KEYS */;
INSERT INTO `source` VALUES (1,'Hospital1','Hospital'),(2,'Hospital2','Hospital'),(3,'Hospital3','Hospital'),(4,'Hospital4','Hospital'),(5,'Hospital5','Hospital'),(6,'Hospital6','Hospital'),(7,'caxeno','Las'),(8,'Hospital1','Extern'),(9,'Hospital2','Extern'),(10,'Hospital3','Extern'),(11,'Hospital4','Extern'),(12,'Hospital5','Extern'),(13,'Hospital6','Extern'),(14,'cellline','Las');
/*!40000 ALTER TABLE `source` ENABLE KEYS */;
UNLOCK TABLES;

--
-- Table structure for table `splischedule`
--

DROP TABLE IF EXISTS `splischedule`;
/*!40101 SET @saved_cs_client     = @@character_set_client */;
/*!40101 SET character_set_client = utf8 */;
CREATE TABLE `splischedule` (
  `id` int(11) NOT NULL AUTO_INCREMENT,
  `scheduleDate` date NOT NULL,
  `operator` varchar(30) NOT NULL,
  PRIMARY KEY (`id`)
) ENGINE=InnoDB AUTO_INCREMENT=2 DEFAULT CHARSET=latin1;
/*!40101 SET character_set_client = @saved_cs_client */;

--
-- Dumping data for table `splischedule`
--

LOCK TABLES `splischedule` WRITE;
/*!40000 ALTER TABLE `splischedule` DISABLE KEYS */;
INSERT INTO `splischedule` VALUES (1,'2013-11-07','emanuele.geda');
/*!40000 ALTER TABLE `splischedule` ENABLE KEYS */;
UNLOCK TABLES;

--
-- Table structure for table `tissue_member`
--

DROP TABLE IF EXISTS `tissue_member`;
/*!40101 SET @saved_cs_client     = @@character_set_client */;
/*!40101 SET character_set_client = utf8 */;
CREATE TABLE `tissue_member` (
  `id` int(11) NOT NULL AUTO_INCREMENT,
  PRIMARY KEY (`id`)
) ENGINE=InnoDB DEFAULT CHARSET=latin1;
/*!40101 SET character_set_client = @saved_cs_client */;

--
-- Dumping data for table `tissue_member`
--

LOCK TABLES `tissue_member` WRITE;
/*!40000 ALTER TABLE `tissue_member` DISABLE KEYS */;
/*!40000 ALTER TABLE `tissue_member` ENABLE KEYS */;
UNLOCK TABLES;

--
-- Table structure for table `tissuetype`
--

DROP TABLE IF EXISTS `tissuetype`;
/*!40101 SET @saved_cs_client     = @@character_set_client */;
/*!40101 SET character_set_client = utf8 */;
CREATE TABLE `tissuetype` (
  `id` int(11) NOT NULL AUTO_INCREMENT,
  `abbreviation` varchar(2) NOT NULL,
  `longName` varchar(30) NOT NULL,
  PRIMARY KEY (`id`)
) ENGINE=InnoDB AUTO_INCREMENT=25 DEFAULT CHARSET=latin1;
/*!40101 SET character_set_client = @saved_cs_client */;

--
-- Dumping data for table `tissuetype`
--

LOCK TABLES `tissuetype` WRITE;
/*!40000 ALTER TABLE `tissuetype` DISABLE KEYS */;
INSERT INTO `tissuetype` VALUES (1,'PR','Primary Tumor'),(2,'LM','Liver Met'),(3,'CM','Cutaneous Met'),(4,'PM','Peritoneal Met'),(5,'TM','Lung Met'),(6,'BM','Brain Met'),(7,'SM','Bone Met'),(8,'TR','Thoracentesis'),(9,'TH','Thymus Met'),(10,'LY','Lymphnode Met'),(11,'AM','Adrenal Met'),(12,'NL','Normal Liver'),(13,'NB','Normal Brain'),(14,'NN','Normal Lymphnode'),(15,'NM','Normal Mucosa'),(16,'NC','Normal Cutis'),(17,'BL','Blood'),(18,'MP','Prostate Met'),(19,'MB','Bladder Met'),(20,'NP','Normal Prostate'),(21,'ND','Normal Bladder'),(22,'UR','Urine'),(23,'HL','Hyperplastic Liver'),(24,'OM','Ovarian Metastasis');
/*!40000 ALTER TABLE `tissuetype` ENABLE KEYS */;
UNLOCK TABLES;

--
-- Table structure for table `transfer`
--

DROP TABLE IF EXISTS `transfer`;
/*!40101 SET @saved_cs_client     = @@character_set_client */;
/*!40101 SET character_set_client = utf8 */;
CREATE TABLE `transfer` (
  `id` int(11) NOT NULL AUTO_INCREMENT,
  `idTransferSchedule` int(11) NOT NULL,
  `operator` int(11) DEFAULT NULL,
  `addressTo` int(11) NOT NULL,
  `plannedDepartureDate` date DEFAULT NULL,
  `departureDate` date DEFAULT NULL,
  `departureExecuted` tinyint(1) NOT NULL,
  `deliveryDate` date DEFAULT NULL,
  `deliveryExecuted` tinyint(1) NOT NULL,
  `idCourier` int(11) DEFAULT NULL,
  `trackingNumber` varchar(45) DEFAULT NULL,
  `deleteTimestamp` datetime DEFAULT NULL,
  `deleteOperator` int(11) DEFAULT NULL,
  PRIMARY KEY (`id`),
  KEY `fk_transfer_1` (`idTransferSchedule`),
  KEY `fk_transfer_2` (`operator`),
  KEY `fk_transfer_3` (`addressTo`),
  KEY `fk_transfer_4` (`idCourier`),
  KEY `fk_transfer_5` (`deleteOperator`),
  CONSTRAINT `fk_transfer_1` FOREIGN KEY (`idTransferSchedule`) REFERENCES `transferschedule` (`id`) ON DELETE NO ACTION ON UPDATE NO ACTION,
  CONSTRAINT `fk_transfer_2` FOREIGN KEY (`operator`) REFERENCES `auth_user` (`id`) ON DELETE NO ACTION ON UPDATE NO ACTION,
  CONSTRAINT `fk_transfer_3` FOREIGN KEY (`addressTo`) REFERENCES `auth_user` (`id`) ON DELETE NO ACTION ON UPDATE NO ACTION,
  CONSTRAINT `fk_transfer_4` FOREIGN KEY (`idCourier`) REFERENCES `courier` (`id`) ON DELETE NO ACTION ON UPDATE NO ACTION,
  CONSTRAINT `fk_transfer_5` FOREIGN KEY (`deleteOperator`) REFERENCES `auth_user` (`id`) ON DELETE NO ACTION ON UPDATE NO ACTION
) ENGINE=InnoDB DEFAULT CHARSET=latin1;
/*!40101 SET character_set_client = @saved_cs_client */;

--
-- Dumping data for table `transfer`
--

LOCK TABLES `transfer` WRITE;
/*!40000 ALTER TABLE `transfer` DISABLE KEYS */;
/*!40000 ALTER TABLE `transfer` ENABLE KEYS */;
UNLOCK TABLES;

--
-- Table structure for table `transferschedule`
--

DROP TABLE IF EXISTS `transferschedule`;
/*!40101 SET @saved_cs_client     = @@character_set_client */;
/*!40101 SET character_set_client = utf8 */;
CREATE TABLE `transferschedule` (
  `id` int(11) NOT NULL AUTO_INCREMENT,
  `scheduleDate` date NOT NULL,
  `operator` int(11) NOT NULL,
  PRIMARY KEY (`id`),
  KEY `fk_transferschedule_1` (`operator`),
  CONSTRAINT `fk_transferschedule_1` FOREIGN KEY (`operator`) REFERENCES `auth_user` (`id`) ON DELETE NO ACTION ON UPDATE NO ACTION
) ENGINE=InnoDB DEFAULT CHARSET=latin1;
/*!40101 SET character_set_client = @saved_cs_client */;

--
-- Dumping data for table `transferschedule`
--

LOCK TABLES `transferschedule` WRITE;
/*!40000 ALTER TABLE `transferschedule` DISABLE KEYS */;
/*!40000 ALTER TABLE `transferschedule` ENABLE KEYS */;
UNLOCK TABLES;

--
-- Table structure for table `transformationchange`
--

DROP TABLE IF EXISTS `transformationchange`;
/*!40101 SET @saved_cs_client     = @@character_set_client */;
/*!40101 SET character_set_client = utf8 */;
CREATE TABLE `transformationchange` (
  `id` int(11) NOT NULL AUTO_INCREMENT,
  `idFromType` int(11) NOT NULL,
  `idToType` int(11) NOT NULL,
  PRIMARY KEY (`id`),
  KEY `fk_TransformationChange_AliquotType1` (`idFromType`),
  KEY `fk_TransformationChange_AliquotType2` (`idToType`),
  CONSTRAINT `fk_TransformationChange_AliquotType1` FOREIGN KEY (`idFromType`) REFERENCES `aliquottype` (`id`) ON DELETE NO ACTION ON UPDATE NO ACTION,
  CONSTRAINT `fk_TransformationChange_AliquotType2` FOREIGN KEY (`idToType`) REFERENCES `aliquottype` (`id`) ON DELETE NO ACTION ON UPDATE NO ACTION
) ENGINE=InnoDB AUTO_INCREMENT=22 DEFAULT CHARSET=latin1;
/*!40101 SET character_set_client = @saved_cs_client */;

--
-- Dumping data for table `transformationchange`
--

LOCK TABLES `transformationchange` WRITE;
/*!40000 ALTER TABLE `transformationchange` DISABLE KEYS */;
INSERT INTO `transformationchange` VALUES (1,1,7),(2,2,7),(3,3,7),(4,4,7),(5,1,8),(6,2,8),(7,3,8),(8,4,8),(11,8,9),(12,8,10),(13,4,10),(14,11,7),(15,12,7),(16,4,15),(17,5,16),(18,1,17),(19,2,17),(20,3,17),(21,4,17);
/*!40000 ALTER TABLE `transformationchange` ENABLE KEYS */;
UNLOCK TABLES;

--
-- Table structure for table `transformationderivation`
--

DROP TABLE IF EXISTS `transformationderivation`;
/*!40101 SET @saved_cs_client     = @@character_set_client */;
/*!40101 SET character_set_client = utf8 */;
CREATE TABLE `transformationderivation` (
  `id` int(11) NOT NULL AUTO_INCREMENT,
  `idDerivationProtocol` int(11) NOT NULL,
  `idTransformationChange` int(11) NOT NULL,
  PRIMARY KEY (`id`),
  KEY `fk_TransformationDerivation_DerivationProtocol1` (`idDerivationProtocol`),
  KEY `fk_TransformationDerivation_TransformationChange1` (`idTransformationChange`),
  CONSTRAINT `fk_TransformationDerivation_DerivationProtocol1` FOREIGN KEY (`idDerivationProtocol`) REFERENCES `derivationprotocol` (`id`) ON DELETE NO ACTION ON UPDATE NO ACTION,
  CONSTRAINT `fk_TransformationDerivation_TransformationChange1` FOREIGN KEY (`idTransformationChange`) REFERENCES `transformationchange` (`id`) ON DELETE NO ACTION ON UPDATE NO ACTION
) ENGINE=InnoDB AUTO_INCREMENT=42 DEFAULT CHARSET=latin1;
/*!40101 SET character_set_client = @saved_cs_client */;

--
-- Dumping data for table `transformationderivation`
--

LOCK TABLES `transformationderivation` WRITE;
/*!40000 ALTER TABLE `transformationderivation` DISABLE KEYS */;
INSERT INTO `transformationderivation` VALUES (1,2,1),(2,2,2),(3,2,3),(4,2,4),(5,1,5),(6,1,6),(7,1,7),(8,1,8),(10,3,12),(12,4,11),(22,12,14),(23,12,15),(24,12,1),(25,12,2),(34,15,18),(35,15,19),(36,15,20),(37,15,21),(38,16,18),(39,16,19),(40,16,20),(41,16,21);
/*!40000 ALTER TABLE `transformationderivation` ENABLE KEYS */;
UNLOCK TABLES;

--
-- Table structure for table `transformationslide`
--

DROP TABLE IF EXISTS `transformationslide`;
/*!40101 SET @saved_cs_client     = @@character_set_client */;
/*!40101 SET character_set_client = utf8 */;
CREATE TABLE `transformationslide` (
  `id` int(11) NOT NULL AUTO_INCREMENT,
  `idSlideProtocol` int(11) NOT NULL,
  `idTransformationChange` int(11) NOT NULL,
  PRIMARY KEY (`id`),
  KEY `fk_transformationslide_1` (`idSlideProtocol`),
  KEY `fk_transformationslide_2` (`idTransformationChange`),
  CONSTRAINT `fk_transformationslide_1` FOREIGN KEY (`idSlideProtocol`) REFERENCES `slideprotocol` (`id`) ON DELETE NO ACTION ON UPDATE NO ACTION,
  CONSTRAINT `fk_transformationslide_2` FOREIGN KEY (`idTransformationChange`) REFERENCES `transformationchange` (`id`) ON DELETE NO ACTION ON UPDATE NO ACTION
) ENGINE=InnoDB AUTO_INCREMENT=3 DEFAULT CHARSET=latin1;
/*!40101 SET character_set_client = @saved_cs_client */;

--
-- Dumping data for table `transformationslide`
--

LOCK TABLES `transformationslide` WRITE;
/*!40000 ALTER TABLE `transformationslide` DISABLE KEYS */;
INSERT INTO `transformationslide` VALUES (1,1,17),(2,2,16);
/*!40000 ALTER TABLE `transformationslide` ENABLE KEYS */;
UNLOCK TABLES;

--
-- Table structure for table `url`
--

DROP TABLE IF EXISTS `url`;
/*!40101 SET @saved_cs_client     = @@character_set_client */;
/*!40101 SET character_set_client = utf8 */;
CREATE TABLE `url` (
  `id` int(11) NOT NULL AUTO_INCREMENT,
  `url` varchar(60) NOT NULL,
  `default` tinyint(1) NOT NULL,
  `idWebService` int(11) DEFAULT NULL,
  PRIMARY KEY (`id`),
  KEY `fk_url_1` (`idWebService`),
  CONSTRAINT `fk_url_1` FOREIGN KEY (`idWebService`) REFERENCES `webservice` (`id`) ON DELETE NO ACTION ON UPDATE NO ACTION
) ENGINE=InnoDB AUTO_INCREMENT=14 DEFAULT CHARSET=latin1;
/*!40101 SET character_set_client = @saved_cs_client */;

--
-- Dumping data for table `url`
--

LOCK TABLES `url` WRITE;
/*!40000 ALTER TABLE `url` DISABLE KEYS */;
INSERT INTO `url` VALUES (1,'/storage',1,NULL),(2,'/micro',0,2),(5,'/realTime',0,3),(6,'/sanger',0,4),(7,'/cellline',0,5),(8,'/cellline',0,6),(9,'/fingerPrinting',0,7),(10,'/annotations',0,8),(11,'/mdam',0,9),(12,'/las',0,10),(13,'/ngs',0,11);
/*!40000 ALTER TABLE `url` ENABLE KEYS */;
UNLOCK TABLES;

--
-- Table structure for table `webservice`
--

DROP TABLE IF EXISTS `webservice`;
/*!40101 SET @saved_cs_client     = @@character_set_client */;
/*!40101 SET character_set_client = utf8 */;
CREATE TABLE `webservice` (
  `id` int(11) NOT NULL AUTO_INCREMENT,
  `name` varchar(100) NOT NULL,
  PRIMARY KEY (`id`)
) ENGINE=InnoDB AUTO_INCREMENT=12 DEFAULT CHARSET=latin1;
/*!40101 SET character_set_client = @saved_cs_client */;

--
-- Dumping data for table `webservice`
--

LOCK TABLES `webservice` WRITE;
/*!40000 ALTER TABLE `webservice` DISABLE KEYS */;
INSERT INTO `webservice` VALUES (1,'Beaming'),(2,'MicroArray'),(3,'RealTimePCR'),(4,'SangerSequencing'),(5,'CellLineGeneration'),(6,'CellLineThawing'),(7,'Sequenom'),(8,'Annotation'),(9,'MDAM'),(10,'LASAuthServer'),(11,'NextGenerationSequencing');
/*!40000 ALTER TABLE `webservice` ENABLE KEYS */;
UNLOCK TABLES;
/*!40103 SET TIME_ZONE=@OLD_TIME_ZONE */;

/*!40101 SET SQL_MODE=@OLD_SQL_MODE */;
/*!40014 SET FOREIGN_KEY_CHECKS=@OLD_FOREIGN_KEY_CHECKS */;
/*!40014 SET UNIQUE_CHECKS=@OLD_UNIQUE_CHECKS */;
/*!40101 SET CHARACTER_SET_CLIENT=@OLD_CHARACTER_SET_CLIENT */;
/*!40101 SET CHARACTER_SET_RESULTS=@OLD_CHARACTER_SET_RESULTS */;
/*!40101 SET COLLATION_CONNECTION=@OLD_COLLATION_CONNECTION */;
/*!40111 SET SQL_NOTES=@OLD_SQL_NOTES */;

-- Dump completed on 2013-11-21 12:06:20
